S.No.,Company Name,Job Title,Salaries Reported,Location,Salary
0,Mu Sigma,Data Scientist,105,Bangalore,648573
1,IBM,Data Scientist,95,Bangalore,1191950
2,Tata Consultancy Services,Data Scientist,66,Bangalore,836874
3,Impact Analytics,Data Scientist,40,Bangalore,669578
4,Accenture,Data Scientist,32,Bangalore,944110
5,Infosys,Data Scientist,30,Bangalore,908764
6,Capgemini,Data Scientist,28,Bangalore,926124
7,Cognizant Technology Solutions,Data Scientist,26,Bangalore,736708
8,Anheuser-Busch InBev,Data Scientist,25,Bangalore,1646721
9,Fractal,Data Scientist,22,Bangalore,1392960
10,Embibe,Data Scientist,20,Bangalore,1404773
11,Amazon,Data Scientist,19,Bangalore,1507343
12,Google,Data Scientist,19,Bangalore,1558095
13,Flipkart,Data Scientist,18,Bangalore,2557843
14,HP Inc.,Data Scientist,16,Bangalore,1510081
15,Wipro,Data Scientist,15,Bangalore,732821
16,Ericsson-Worldwide,Data Scientist,15,Bangalore,1221750
17,MiQ,Data Scientist,15,Bangalore,1739484
18,Deloitte,Data Scientist,14,Bangalore,1124939
19,Microsoft,Data Scientist,14,Bangalore,1630396
20,Genpact,Data Scientist,14,Bangalore,1009436
21,Fresher,Data Scientist,14,Bangalore,550980
22,Société Générale,Data Scientist,13,Bangalore,1870000
23,Flutura,Data Scientist,13,Bangalore,758376
24,Fuzzy Logix,Data Scientist,13,Bangalore,1556575
25,DXC Technology,Data Scientist,12,Bangalore,1194327
26,Jio,Data Scientist,11,Bangalore,1470000
27,Honeywell,Data Scientist,10,Bangalore,1549942
28,Affine,Data Scientist,10,Bangalore,1009436
29,Philips,Data Scientist,9,Bangalore,1541572
30,Bharat Light & Power,Data Scientist,9,Bangalore,811182
31,Antuit,Data Scientist,9,Bangalore,1205874
32,Nielsen,Data Scientist,9,Bangalore,727111
33,[24]7.ai,Data Scientist,9,Bangalore,1923257
34,Fidelity Investments,Data Scientist,9,Bangalore,2143501
35,Myntra,Data Scientist,9,Bangalore,1926965
36,First Student,Data Scientist,9,Bangalore,495252
37,Oracle,Data Scientist,8,Bangalore,1294984
38,Ola,Data Scientist,8,Bangalore,2334960
39,Walmart Global Tech,Data Scientist,8,Bangalore,2267616
40,Tredence,Data Scientist,8,Bangalore,1366992
41,Intel Corporation,Data Scientist,8,Bangalore,1453427
42,Mercedes-Benz Research and Development India,Data Scientist,8,Bangalore,1458032
43,SAP,Data Scientist,8,Bangalore,1730166
44,Wipro Technologies,Data Scientist,8,Bangalore,658109
45,Thoucentric,Data Scientist,8,Bangalore,794460
46,Walmart,Data Scientist,8,Bangalore,2567381
47,Brillio,Data Scientist,8,Bangalore,1637231
48,Great Learning,Data Scientist,7,Bangalore,900000
49,Gramener,Data Scientist,7,Bangalore,902935
50,HCL Technologies,Data Scientist,7,Bangalore,970782
51,Happiest Minds Technologies,Data Scientist,7,Bangalore,1050000
52,Hewlett Packard Enterprise | HPE,Data Scientist,7,Bangalore,2119584
53,Noodle.ai,Data Scientist,7,Bangalore,1687111
54,Cisco Systems,Data Scientist,7,Bangalore,1465641
55,INSOFE,Data Scientist,7,Bangalore,600000
56,Optum,Data Scientist,7,Bangalore,1805869
57,Adobe,Data Scientist,6,Bangalore,2624063
58,ABB,Data Scientist,6,Bangalore,955297
59,EY,Data Scientist,6,Bangalore,761478
60,Swiggy,Data Scientist,6,Bangalore,2805476
61,Subex,Data Scientist,6,Bangalore,969112
62,iNeuron,Data Scientist,6,Bangalore,450979
63,ZS Associates,Data Scientist,6,Bangalore,1338795
64,Robert Bosch India,Data Scientist,6,Bangalore,1040493
65,Scienaptic Systems,Data Scientist,6,Bangalore,1291549
66,FlyNava Technologies,Data Scientist,6,Bangalore,599136
67,Nokia,Data Scientist,6,Bangalore,1663189
68,UnitedHealth Group,Data Scientist,6,Bangalore,1323387
69,Sigmoid Analytics,Data Scientist,6,Bangalore,1246266
70,Idexcel,Data Scientist,6,Bangalore,494147
71,Citi,Data Scientist,5,Bangalore,1892758
72,GE Healthcare,Data Scientist,5,Bangalore,1572054
73,SigTuple,Data Scientist,5,Bangalore,2024533
74,Dell Technologies,Data Scientist,5,Bangalore,1927564
75,iNeuron,Data Scientist,5,Bangalore,800000
76,Ericsson IT Solutions & Services,Data Scientist,5,Bangalore,2009790
77,Aptus Data Labs,Data Scientist,5,Bangalore,831462
78,UniQreate,Data Scientist,5,Bangalore,516323
79,LinkedIn,Data Scientist,5,Bangalore,2333241
80,Apexon,Data Scientist,5,Bangalore,1200000
81,Shadowfax Technologies,Data Scientist,5,Bangalore,2006522
82,Bharti Airtel,Data Scientist,5,Bangalore,2160000
83,Applied Materials,Data Scientist,5,Bangalore,1341316
84,FICO,Data Scientist,5,Bangalore,1634105
85,YouPlus,Data Scientist,5,Bangalore,1389256
86,Mphasis,Data Scientist,5,Bangalore,1000000
87,Target,Data Scientist,5,Bangalore,1231116
88,Gojek,Data Scientist,5,Bangalore,2352941
89,Blueocean Market Intelligence,Data Scientist,5,Bangalore,744551
90,CRED,Data Scientist,5,Bangalore,3014686
91,Rolls-Royce,Data Scientist,5,Bangalore,1357204
92,Curl Analytics,Data Scientist,4,Bangalore,1053196
93,J.P. Morgan,Data Scientist,4,Bangalore,1337606
94,Knowledge Lens,Data Scientist,4,Bangalore,585900
95,IBM,Data Scientist,4,Bangalore,395436
96,ascena,Data Scientist,4,Bangalore,1649930
97,QuantZig,Data Scientist,4,Bangalore,1138060
98,Baker Hughes,Data Scientist,4,Bangalore,1612744
99,Everlytics,Data Scientist,4,Bangalore,432776
100,Siemens,Data Scientist,4,Bangalore,987471
101,ANZ Bank,Data Scientist,4,Bangalore,1512297
102,Lowe's Home Improvement,Data Scientist,4,Bangalore,1752935
103,Nones,Data Scientist,4,Bangalore,1197944
104,Bristlecone,Data Scientist,4,Bangalore,923544
105,Altimetrik,Data Scientist,4,Bangalore,587146
106,Head Digital Works,Data Scientist,4,Bangalore,977543
107,Artivatic Data Labs,Data Scientist,4,Bangalore,649755
108,HDFC Standard Life Insurance,Data Scientist,4,Bangalore,1177531
109,AntWorks,Data Scientist,4,Bangalore,1194925
110,American Express,Data Scientist,4,Bangalore,1693208
111,ITC Infotech,Data Scientist,4,Bangalore,414817
112,Aidetic,Data Scientist,4,Bangalore,704193
113,NeenOpal,Data Scientist,4,Bangalore,590000
114,Knowledge Foundry,Data Scientist,4,Bangalore,1119069
115,Mindtree,Data Scientist,4,Bangalore,669225
116,Nones,Data Scientist,3,Bangalore,1013978
117,TVS Motor Company,Data Scientist,3,Bangalore,1252803
118,XYZ,Data Scientist,3,Bangalore,840000
119,ShieldSquare,Data Scientist,3,Bangalore,761610
120,Tech Data,Data Scientist,3,Bangalore,1200000
121,Publicis Sapient,Data Scientist,3,Bangalore,1670405
122,Hinduja Global Solutions,Data Scientist,3,Bangalore,1284643
123,GE Digital,Data Scientist,3,Bangalore,1653106
124,GlobusSoft,Data Scientist,3,Bangalore,385393
125,MakeMyTrip,Data Scientist,3,Bangalore,1200000
126,Artificial Learning Systems,Data Scientist,3,Bangalore,1124740
127,Dailyhunt,Data Scientist,3,Bangalore,2600000
128,Draup,Data Scientist,3,Bangalore,1859109
129,SwitchOn,Data Scientist,3,Bangalore,669785
130,PwC,Data Scientist,3,Bangalore,1205874
131,Innodatatics,Data Scientist,3,Bangalore,128460
132,Robert Bosch,Data Scientist,3,Bangalore,1180355
133,Two Roads Tech,Data Scientist,3,Bangalore,3812913
134,ExxonMobil,Data Scientist,3,Bangalore,2873437
135,Bidgely,Data Scientist,3,Bangalore,1438481
136,IQVIA,Data Scientist,3,Bangalore,899123
137,ShareChat,Data Scientist,3,Bangalore,2300000
138,Course5 Intelligence,Data Scientist,3,Bangalore,825077
139,MAERSK,Data Scientist,3,Bangalore,2207174
140,Caterpillar,Data Scientist,3,Bangalore,1526335
141,Bepec Solutions,Data Scientist,3,Bangalore,600000
142,NetApp,Data Scientist,3,Bangalore,2875549
143,Exposys Data Labs,Data Scientist,3,Bangalore,433440
144,Spoonshot,Data Scientist,3,Bangalore,1615535
145,InMobi,Data Scientist,3,Bangalore,1700000
146,Swiss Re,Data Scientist,3,Bangalore,1352802
147,TheMathCompany,Data Scientist,3,Bangalore,600000
148,Shell,Data Scientist,3,Bangalore,2148775
149,Flip Robo,Data Scientist,3,Bangalore,306972
150,HCL,Data Scientist,3,Bangalore,347924
151,upGrad,Data Scientist,3,Bangalore,1284643
152,Legato Health Technologies,Data Scientist,3,Bangalore,1200000
153,Terra Economics and Analytics Lab,Data Scientist,3,Bangalore,720000
154,HDFC Bank,Data Scientist,3,Bangalore,1105385
155,Halodoc,Data Scientist,3,Bangalore,1879205
156,Analytical Wizards,Data Scientist,3,Bangalore,600000
157,PayPal,Data Scientist,3,Bangalore,273000
158,GE,Data Scientist,3,Bangalore,1007628
159,Manthan,Data Scientist,3,Bangalore,1254416
160,Visa Inc.,Data Scientist,3,Bangalore,324000
161,Tech Mahindra,Data Scientist,3,Bangalore,1500000
162,Data Semantics,Data Scientist,3,Bangalore,362209
163,GE Aviation,Data Scientist,3,Bangalore,1349689
164,Landmark Group,Data Scientist,3,Bangalore,1605804
165,Neustar,Data Scientist,3,Bangalore,1923665
166,Axis Bank,Data Scientist,3,Bangalore,1171687
167,Comviva,Data Scientist,3,Bangalore,900000
168,iQuanti,Data Scientist,3,Bangalore,2046452
169,Mercedes-Benz International,Data Scientist,2,Bangalore,1118808
170,Zoom Video Communications,Data Scientist,2,Bangalore,2839076
171,Money View,Data Scientist,2,Bangalore,1438576
172,nference,Data Scientist,2,Bangalore,1930235
173,KrazyBee,Data Scientist,2,Bangalore,1149607
174,Applied Materials,Data Scientist,2,Bangalore,1407768
175,Mavenir,Data Scientist,2,Bangalore,961306
176,Molecular Connections,Data Scientist,2,Bangalore,516564
177,Yodlee,Data Scientist,2,Bangalore,2315641
178,NovelSynth Soft Solutions,Data Scientist,2,Bangalore,245580
179,Locus,Data Scientist,2,Bangalore,2472920
180,IVYTEL Technologies,Data Scientist,2,Bangalore,496798
181,Sumyag,Data Scientist,2,Bangalore,770664
182,Wabtec,Data Scientist,2,Bangalore,2420967
183,VMware,Data Scientist,2,Bangalore,2079353
184,Wipro Digital,Data Scientist,2,Bangalore,1207396
185,Zycus,Data Scientist,2,Bangalore,904464
186,Tyson Foods,Data Scientist,2,Bangalore,1825549
187,OceanFrogs,Data Scientist,2,Bangalore,444048
188,Lenovo,Data Scientist,2,Bangalore,1917242
189,Tata,Data Scientist,2,Bangalore,1612292
190,Simplilearn Solutions,Data Scientist,2,Bangalore,761760
191,Dun & Bradstreet,Data Scientist,2,Bangalore,182028
192,AlmaBetter,Data Scientist,2,Bangalore,729193
193,CreditNirvana,Data Scientist,2,Bangalore,1245989
194,DONE by NONE,Data Scientist,2,Bangalore,750734
195,Accentue,Data Scientist,2,Bangalore,1319401
196,SymphonyAI,Data Scientist,2,Bangalore,462720
197,First Student,Data Scientist,2,Bangalore,501000
198,Datamatics Global Services,Data Scientist,2,Bangalore,1223165
199,Razorpay,Data Scientist,2,Bangalore,1423985
200,NTT Ltd.,Data Scientist,2,Bangalore,1611876
201,mfine,Data Scientist,2,Bangalore,2050962
202,Marlabs,Data Scientist,2,Bangalore,1304028
203,Optum Global Solutions,Data Scientist,2,Bangalore,1213107
204,Reckonsys,Data Scientist,2,Bangalore,1333764
205,Apisero,Data Scientist,2,Bangalore,950000
206,Aruba Networks,Data Scientist,2,Bangalore,1518492
207,Intellicar,Data Scientist,2,Bangalore,1327250
208,ORMAE,Data Scientist,2,Bangalore,202344
209,CROPIN TECHNOLOGY SOLUTIONS,Data Scientist,2,Bangalore,225960
210,Belong,Data Scientist,2,Bangalore,1433532
211,Mobile Premier League,Data Scientist,2,Bangalore,2404581
212,Smiths Detection,Data Scientist,2,Bangalore,1560483
213,Shubh Loans,Data Scientist,2,Bangalore,996878
214,TCS,Data Scientist,2,Bangalore,3532356
215,Fresher,Data Scientist,2,Bangalore,703427
216,Aditya Birla Group,Data Scientist,2,Bangalore,1635202
217,Morgan Stanley,Data Scientist,2,Bangalore,1299238
218,Publicis Sapient,Data Scientist,2,Bangalore,396600
219,DataVal Analytics,Data Scientist,2,Bangalore,695052
220,Thomson Reuters,Data Scientist,2,Bangalore,1532945
221,Numerify,Data Scientist,2,Bangalore,2530666
222,Kabbage,Data Scientist,2,Bangalore,2065471
223,Loyalytics Consulting,Data Scientist,2,Bangalore,712128
224,Monsanto Company,Data Scientist,2,Bangalore,1975970
225,FOKAL,Data Scientist,2,Bangalore,1085362
226,Sutherland,Data Scientist,2,Bangalore,1064862
227,Hypersonix (CA),Data Scientist,2,Bangalore,3146934
228,Boeing,Data Scientist,2,Bangalore,2266312
229,Utopus Insights,Data Scientist,2,Bangalore,1163045
230,Apple,Data Scientist,2,Bangalore,857370
231,GetupForChange Services,Data Scientist,2,Bangalore,681696
232,MIQ Logistics,Data Scientist,2,Bangalore,601398
233,Zendrive,Data Scientist,2,Bangalore,1574844
234,Honeywell,Data Scientist,2,Bangalore,841368
235,Paytm,Data Scientist,2,Bangalore,549688
236,Unilever,Data Scientist,2,Bangalore,1705561
237,Conduent,Data Scientist,2,Bangalore,846242
238,3K Technologies,Data Scientist,2,Bangalore,798116
239,DONE by NONE,Data Scientist,2,Bangalore,180396
240,Netenrich Inc.,Data Scientist,2,Bangalore,1164765
241,Majorel,Data Scientist,2,Bangalore,1347252
242,Polynomial.Ai,Data Scientist,2,Bangalore,500036
243,HARMAN,Data Scientist,2,Bangalore,638755
244,Mbb Labs,Data Scientist,2,Bangalore,1204704
245,Analytics Vidhya,Data Scientist,2,Bangalore,152652
246,KPMG,Data Scientist,2,Bangalore,874565
247,Inference Labs,Data Scientist,2,Bangalore,637284
248,Cartesian Consulting,Data Scientist,2,Bangalore,954426
249,ZedEye Labs,Data Scientist,2,Bangalore,933816
250,McAfee,Data Scientist,2,Bangalore,1181838
251,Zinnov Management Consulting,Data Scientist,2,Bangalore,1068503
252,Microsoft,Data Scientist,2,Bangalore,1006284
253,Simpl,Data Scientist,2,Bangalore,1962841
254,Unisys,Data Scientist,2,Bangalore,1104704
255,Shaw Academy,Data Scientist,2,Bangalore,1433708
256,Rakuten,Data Scientist,2,Bangalore,1929554
257,Blue Yonder,Data Scientist,2,Bangalore,2184214
258,SalesKen,Data Scientist,2,Bangalore,1039792
259,Danske IT and Support Services,Data Scientist,2,Bangalore,831774
260,Samsung Electronics,Data Scientist,2,Bangalore,2197572
261,Sonata Software,Data Scientist,2,Bangalore,627332
262,Merck KGaA,Data Scientist,2,Bangalore,827767
263,GE,Data Scientist,2,Bangalore,400800
264,InViz AI Solutions,Data Scientist,2,Bangalore,776836
265,Sumyag,Data Scientist,2,Bangalore,354240
266,Samsung R&D Institute India - Bangalore,Data Scientist,2,Bangalore,1975545
267,Quess,Data Scientist,2,Bangalore,781491
268,QuEST Global,Data Scientist,2,Bangalore,1408375
269,Ong & Shan,Data Scientist,2,Bangalore,87840
270,PayU,Data Scientist,2,Bangalore,2018938
271,Encora,Data Scientist,2,Bangalore,1256429
272,Tata Consultancy Services,Data Scientist,2,Bangalore,1427832
273,Accenture,Data Scientist,2,Bangalore,715272
274,Walmart eCommerce,Data Scientist,2,Bangalore,2923356
275,Nivetti Systems,Data Scientist,2,Bangalore,747000
276,Prescience,Data Scientist,2,Bangalore,1437318
277,Thoughtworks,Data Scientist,2,Bangalore,865467
278,Prognos Health,Data Scientist,2,Bangalore,1588164
279,TECH I.S,Data Scientist,2,Bangalore,793932
280,Virtusa,Data Scientist,2,Bangalore,481741
281,Zeta Suite,Data Scientist,2,Bangalore,1277486
282,Halliburton,Data Scientist,2,Bangalore,820544
283,Apar Technologies,Data Scientist,2,Bangalore,1624875
284,DataMites,Data Scientist,2,Bangalore,529123
285,Cerner,Data Scientist,2,Bangalore,1392815
286,Juniper Networks,Data Scientist,2,Bangalore,2561949
287,Idexcel,Data Scientist,2,Bangalore,709784
288,L&T Technology Services,Data Scientist,2,Bangalore,555530
289,Tiger Analytics,Data Scientist,2,Bangalore,631299
290,Capital One,Data Scientist,2,Bangalore,1588612
291,Zeotap,Data Scientist,2,Bangalore,902280
292,Bright Money,Data Scientist,2,Bangalore,2739727
985,Tata Consultancy Services,Data Scientist,30,Pune,717331
986,Innoplexus,Data Scientist,17,Pune,1163186
987,IBM,Data Scientist,11,Pune,1036536
988,AlgoAnalytics Financial Consultancy,Data Scientist,11,Pune,742883
989,ZS Associates,Data Scientist,10,Pune,1294039
990,Wolters Kluwer,Data Scientist,10,Pune,1154579
991,Cognizant Technology Solutions,Data Scientist,8,Pune,765632
992,Accenture,Data Scientist,7,Pune,602937
993,Wipro,Data Scientist,7,Pune,1150000
994,Zensar Technologies,Data Scientist,7,Pune,854957
995,Bajaj Finance,Data Scientist,7,Pune,956307
996,SG Analytics,Data Scientist,7,Pune,816946
997,ThinkBumblebee Analytics,Data Scientist,7,Pune,1070536
998,Michelin,Data Scientist,6,Pune,1146043
999,Tech Mahindra,Data Scientist,5,Pune,1114163
1000,Schlumberger,Data Scientist,5,Pune,2054972
1001,Merkle,Data Scientist,5,Pune,1134768
1002,Infosys,Data Scientist,4,Pune,878252
1003,Capgemini,Data Scientist,4,Pune,898351
1004,LTI,Data Scientist,4,Pune,814017
1005,First Student,Data Scientist,4,Pune,425000
1006,Vodafone,Data Scientist,4,Pune,940423
1007,Eaton,Data Scientist,4,Pune,1121845
1008,T-Systems,Data Scientist,4,Pune,1215906
1009,Coupa Software Inc,Data Scientist,4,Pune,1055811
1010,Aera Technology,Data Scientist,4,Pune,1622612
1011,ABC,Data Scientist,3,Pune,506988
1012,Amdocs,Data Scientist,3,Pune,718534
1013,Atos-Syntel,Data Scientist,3,Pune,423422
1014,Barclays,Data Scientist,3,Pune,1733746
1015,KPIT Technologies,Data Scientist,3,Pune,1655120
1016,Credit Suisse,Data Scientist,3,Pune,1421672
1017,Saama Technologies,Data Scientist,3,Pune,934857
1018,Exela Technologies,Data Scientist,3,Pune,856429
1019,Abzooba,Data Scientist,3,Pune,1800000
1020,Linsyssoft Technologies,Data Scientist,3,Pune,411680
1021,HCL Technologies,Data Scientist,2,Pune,734976
1022,Fresher,Data Scientist,2,Pune,623040
1023,Axis Bank,Data Scientist,2,Pune,2793552
1024,Freelancer,Data Scientist,2,Pune,1001630
1025,Citi,Data Scientist,2,Pune,1577759
1026,ADP,Data Scientist,2,Pune,629892
1027,Birlasoft,Data Scientist,2,Pune,5216933
1028,John Deere,Data Scientist,2,Pune,1463658
1029,Xoriant,Data Scientist,2,Pune,1772001
1030,GS Lab,Data Scientist,2,Pune,834387
1031,Searce,Data Scientist,2,Pune,828221
1032,Globant,Data Scientist,2,Pune,1203300
1033,e-Zest Solutions,Data Scientist,2,Pune,932104
1034,Datametica,Data Scientist,2,Pune,983550
1035,Vyom Labs,Data Scientist,2,Pune,305352
1036,Vishwakarma Institute of Technology,Data Scientist,2,Pune,288960
1037,Knorex,Data Scientist,2,Pune,641700
1038,CanWill Technologies,Data Scientist,2,Pune,1161602
1039,ThinkBridge,Data Scientist,2,Pune,756696
1040,Coditation Systems,Data Scientist,2,Pune,563724
1041,MindBowser Info Solutions,Data Scientist,2,Pune,283914
1042,Climate Connect,Data Scientist,2,Pune,731758
1043,Tech9,Data Scientist,2,Pune,1687208
1044,Eagle TK Infotech,Data Scientist,2,Pune,713466
1045,Fusion Practices,Data Scientist,2,Pune,675000
1046,Xeco,Data Scientist,2,Pune,499961
1047,DeepTek Medical Imaging,Data Scientist,2,Pune,895000
1048,vElement,Data Scientist,2,Pune,253851
1049,Asquared IoT,Data Scientist,2,Pune,637645
1050,HiLabs (MD),Data Scientist,2,Pune,1954650
1051,Jash Data Sciences,Data Scientist,2,Pune,669083
1052,HiLabs,Data Scientist,2,Pune,1833778
1252,Innoplexus Associate,Data Scientist,9,Pune,1057005
1253,ZS Associates,Data Science Associate,9,Pune,1203913
1254,ZS Associates,Data Science Consultant,5,Pune,2671464
1255,ZS Associates Senior,Data Scientist,4,Pune,1997263
1256,Coriolis Technologies,Data Science,3,Pune,201900
1257,Schlumberger,Data Science,2,Pune,360324
1258,Wolters Kluwer,Data Science,2,Pune,344604
1259,Innoplexus,Data Science,2,Pune,368316
1260,EarlySalary.com,Data Science,2,Pune,423216
1261,Express Analytics,Data Science,2,Pune,215388
1262,Tata Consultancy Services,Senior Data Scientist,2,Pune,2092324
1263,Wipro Technologies,Senior Data Scientist,2,Pune,2182516
1264,Barclays,Senior Data Scientist,2,Pune,2796928
1265,Bajaj Finance,Senior Data Scientist,2,Pune,1392244
1266,Wolters Kluwer,Senior Data Scientist,2,Pune,1903930
1267,Icertis,Senior Data Scientist,2,Pune,1033817
1268,Abzooba,Senior Data Scientist,2,Pune,2170283
1269,Aera Technology,Senior Data Scientist,2,Pune,1058135
1270,AlgoAnalytics Financial Consultancy,Senior Data Scientist,2,Pune,1696245
1271,SG Analytics,Junior Data Scientist,2,Pune,708351
1272,Maxgen Technologies,Junior Data Scientist,2,Pune,171948
1273,Infosys,Lead Data Scientist,2,Pune,1653998
1274,Wipro,Lead Data Scientist,2,Pune,1892322
1275,ZS Associates,Data Science Manager,2,Pune,4619021
1276,Abzooba,Data Scientist - Trainee,2,Pune,610512
1277,Schlumberger,Data Science Lead,2,Pune,4068310
1366,Microsoft,Data Scientist,23,Hyderabad,1712178
1367,Cyient,Data Scientist,20,Hyderabad,999578
1368,Tata Consultancy Services,Data Scientist,18,Hyderabad,697843
1369,Infosys,Data Scientist,18,Hyderabad,583334
1370,Amazon,Data Scientist,15,Hyderabad,1693961
1371,Innominds Software,Data Scientist,10,Hyderabad,743423
1372,IBM,Data Scientist,9,Hyderabad,628945
1373,Tech Mahindra,Data Scientist,9,Hyderabad,652546
1374,Quadratic Insights,Data Scientist,9,Hyderabad,583954
1375,Jotter,Data Scientist,9,Hyderabad,915028
1376,Cognizant Technology Solutions,Data Scientist,8,Hyderabad,890344
1377,Jio,Data Scientist,8,Hyderabad,1997027
1378,Verizon,Data Scientist,8,Hyderabad,1330683
1379,Optum,Data Scientist,8,Hyderabad,1464110
1380,Accenture,Data Scientist,7,Hyderabad,1104293
1381,Deloitte,Data Scientist,7,Hyderabad,1483132
1382,First Student,Data Scientist,6,Hyderabad,640380
1383,Novartis,Data Scientist,6,Hyderabad,1280703
1384,Karvy Group,Data Scientist,6,Hyderabad,594589
1385,Wipro,Data Scientist,5,Hyderabad,1041195
1386,Oracle,Data Scientist,5,Hyderabad,1221714
1387,HighRadius,Data Scientist,5,Hyderabad,861434
1388,Micron Technology,Data Scientist,5,Hyderabad,1564421
1389,INSOFE,Data Scientist,5,Hyderabad,903446
1390,Google,Data Scientist,4,Hyderabad,1121437
1391,Blue Yonder,Data Scientist,4,Hyderabad,2020386
1392,Yash Technologies,Data Scientist,4,Hyderabad,651480
1393,DataScientest,Data Scientist,4,Hyderabad,672468
1394,Claim Genius,Data Scientist,4,Hyderabad,1944821
1395,Capgemini,Data Scientist,3,Hyderabad,651206
1396,Genpact,Data Scientist,3,Hyderabad,653174
1397,Fresher,Data Scientist,3,Hyderabad,503667
1398,Fresher,Data Scientist,3,Hyderabad,302693
1399,ICICI Bank,Data Scientist,3,Hyderabad,1600000
1400,DXC Technology,Data Scientist,3,Hyderabad,1252143
1401,Dell Technologies,Data Scientist,3,Hyderabad,825326
1402,Microsoft,Data Scientist,3,Hyderabad,640212
1403,Wipro Technologies,Data Scientist,3,Hyderabad,895427
1404,Tata Consultancy Services (North America),Data Scientist,3,Hyderabad,814476
1405,Google,Data Scientist,3,Hyderabad,411763
1406,NTT DATA,Data Scientist,3,Hyderabad,564654
1407,Jio,Data Scientist,3,Hyderabad,446076
1408,ADP,Data Scientist,3,Hyderabad,1200000
1409,Sutherland,Data Scientist,3,Hyderabad,926912
1410,MetLife,Data Scientist,3,Hyderabad,1760000
1411,Franklin Templeton Investments,Data Scientist,3,Hyderabad,1353553
1412,Enquero,Data Scientist,3,Hyderabad,1048242
1413,Brane Enterprises (nslhub),Data Scientist,3,Hyderabad,1665911
1414,AlgonoX Technologies,Data Scientist,3,Hyderabad,1074883
1415,Voziq,Data Scientist,3,Hyderabad,642113
1416,HCL Technologies,Data Scientist,2,Hyderabad,1561319
1417,First Student,Data Scientist,2,Hyderabad,303648
1418,Virtusa,Data Scientist,2,Hyderabad,304522
1419,Persistent Systems,Data Scientist,2,Hyderabad,1287441
1420,UnitedHealth Group,Data Scientist,2,Hyderabad,1152418
1421,Freshers.com,Data Scientist,2,Hyderabad,630000
1422,Legato Health Technologies,Data Scientist,2,Hyderabad,1260152
1423,Dr. Reddy's,Data Scientist,2,Hyderabad,5198676
1424,DBS Bank,Data Scientist,2,Hyderabad,995830
1425,Broadridge,Data Scientist,2,Hyderabad,1607926
1426,Optum Global Solutions,Data Scientist,2,Hyderabad,778902
1427,Great Learning,Data Scientist,2,Hyderabad,777837
1428,National Payments Corporation of India,Data Scientist,2,Hyderabad,1492543
1429,Excelra Knowledge Solutions,Data Scientist,2,Hyderabad,452130
1430,WinWire Technologies,Data Scientist,2,Hyderabad,1269639
1431,CallHealth,Data Scientist,2,Hyderabad,823971
1432,Gaian Solutions India,Data Scientist,2,Hyderabad,1100233
1433,eKincare,Data Scientist,2,Hyderabad,650865
1434,Siva Solutions,Data Scientist,2,Hyderabad,335625
1435,Innodatatics,Data Scientist,2,Hyderabad,112704
1436,Innodatatics,Data Scientist,2,Hyderabad,1157086
1437,SpringML,Data Scientist,2,Hyderabad,791436
1438,AppsTek,Data Scientist,2,Hyderabad,725664
1439,Vertiv,Data Scientist,2,Hyderabad,702649
1440,My Ally,Data Scientist,2,Hyderabad,1068564
1441,GoLorry,Data Scientist,2,Hyderabad,792139
1442,Bepec Solutions,Data Scientist,2,Hyderabad,646889
1443,KOGENTiX,Data Scientist,2,Hyderabad,700977
1444,Prudent Technologies & Consulting,Data Scientist,2,Hyderabad,376159
1445,App Orchid,Data Scientist,2,Hyderabad,1492959
1446,3LOQ Labs,Data Scientist,2,Hyderabad,778644
1447,RisingRoot Technologies,Data Scientist,2,Hyderabad,159060
1448,Artificial Penetration,Data Scientist,2,Hyderabad,585088
1449,Wave Infosoft,Data Scientist,2,Hyderabad,619995
1450,SetuServ,Data Scientist,2,Hyderabad,4949704
1451,DigiTele Networks,Data Scientist,2,Hyderabad,787723
1452,Human Network,Data Scientist,2,Hyderabad,703776
1453,diwo,Data Scientist,2,Hyderabad,792506
1454,SysBasis Solutions,Data Scientist,2,Hyderabad,302448
1564,Tata Consultancy Services,Data Scientist,27,New Delhi,624717
1565,IBM,Data Scientist,21,New Delhi,916284
1566,Accenture,Data Scientist,18,New Delhi,1196560
1567,Ericsson-Worldwide,Data Scientist,16,New Delhi,808616
1568,UnitedHealth Group,Data Scientist,16,New Delhi,1235654
1569,Delhivery,Data Scientist,15,New Delhi,1249434
1570,ZS Associates,Data Scientist,11,New Delhi,1294964
1571,EXL Service,Data Scientist,11,New Delhi,1242238
1572,Optum,Data Scientist,11,New Delhi,1276202
1573,dunnhumby,Data Scientist,11,New Delhi,1155616
1574,Nagarro,Data Scientist,10,New Delhi,1024121
1575,Optum Global Solutions,Data Scientist,10,New Delhi,1455101
1576,Valiance Solutions,Data Scientist,10,New Delhi,885863
1577,OYO,Data Scientist,9,New Delhi,1451573
1578,Cognizant Technology Solutions,Data Scientist,8,New Delhi,965789
1579,Amazon,Data Scientist,8,New Delhi,2063316
1580,Innovaccer,Data Scientist,8,New Delhi,1239994
1581,Fresher,Data Scientist,7,New Delhi,602928
1582,VMock,Data Scientist,7,New Delhi,1507325
1583,HCL Technologies,Data Scientist,6,New Delhi,690381
1584,Genpact,Data Scientist,6,New Delhi,591185
1585,CARS24.com,Data Scientist,6,New Delhi,1080483
1586,Vidooly Media Tech,Data Scientist,6,New Delhi,420384
1587,Algo8.ai,Data Scientist,6,New Delhi,575502
1588,ParallelDots,Data Scientist,6,New Delhi,848028
1589,Tech Mahindra,Data Scientist,5,New Delhi,1081397
1590,ABC,Data Scientist,5,New Delhi,728836
1591,Bharti Airtel,Data Scientist,5,New Delhi,1628952
1592,Times Internet,Data Scientist,5,New Delhi,1849285
1593,R Systems,Data Scientist,5,New Delhi,1887245
1594,Lumiq (India),Data Scientist,5,New Delhi,739714
1595,Algoscale,Data Scientist,5,New Delhi,537441
1596,Deloitte,Data Scientist,4,New Delhi,1275546
1597,First Student,Data Scientist,4,New Delhi,659508
1598,Publicis Sapient,Data Scientist,4,New Delhi,1364961
1599,Gartner,Data Scientist,4,New Delhi,1929406
1600,Sprinklr,Data Scientist,4,New Delhi,1804941
1601,Naukri.com,Data Scientist,4,New Delhi,2576614
1602,Great Learning,Data Scientist,4,New Delhi,844078
1603,Guavus,Data Scientist,4,New Delhi,1531036
1604,Octro,Data Scientist,4,New Delhi,1167179
1605,Analytics Vidhya,Data Scientist,4,New Delhi,796172
1606,Humonics,Data Scientist,4,New Delhi,929072
1607,Tata Consultancy Services,Data Scientist,3,New Delhi,484308
1608,Infosys,Data Scientist,3,New Delhi,825326
1609,Accenture,Data Scientist,3,New Delhi,406548
1610,Capgemini,Data Scientist,3,New Delhi,1000000
1611,Concentrix,Data Scientist,3,New Delhi,519997
1612,Tata Consultancy Services (North America),Data Scientist,3,New Delhi,712666
1613,Google,Data Scientist,3,New Delhi,1007334
1614,WNS,Data Scientist,3,New Delhi,1143785
1615,American Express,Data Scientist,3,New Delhi,1919822
1616,Paytm,Data Scientist,3,New Delhi,1800000
1617,Zomato,Data Scientist,3,New Delhi,1346762
1618,Fractal,Data Scientist,3,New Delhi,1463014
1619,Boston Consulting Group,Data Scientist,3,New Delhi,2504513
1620,Virtual Employee,Data Scientist,3,New Delhi,977371
1621,LiquidHub,Data Scientist,3,New Delhi,1041930
1622,Optum Global Solutions India,Data Scientist,3,New Delhi,1074883
1623,Unified Healthcare Group,Data Scientist,3,New Delhi,1221714
1624,Decision Point,Data Scientist,3,New Delhi,989135
1625,Elucidata (MA),Data Scientist,3,New Delhi,1030450
1626,Inshorts,Data Scientist,3,New Delhi,2032753
1627,EasyRewardz,Data Scientist,3,New Delhi,1004884
1628,Milkbasket,Data Scientist,3,New Delhi,1175030
1629,Exzeo,Data Scientist,3,New Delhi,813690
1630,Blackcoffer,Data Scientist,3,New Delhi,300000
1631,Tatras Data,Data Scientist,3,New Delhi,821904
1632,Monsoon (India),Data Scientist,3,New Delhi,967041
1633,Wipro,Data Scientist,2,New Delhi,806162
1634,LTI,Data Scientist,2,New Delhi,689292
1635,Microsoft,Data Scientist,2,New Delhi,1048188
1636,Wipro Technologies,Data Scientist,2,New Delhi,5092618
1637,Larsen & Toubro,Data Scientist,2,New Delhi,751392
1638,Google,Data Scientist,2,New Delhi,507036
1639,Google,Data Scientist,2,New Delhi,298664
1640,DONE by NONE,Data Scientist,2,New Delhi,1054356
1641,DONE by NONE,Data Scientist,2,New Delhi,487944
1642,OYO,Data Scientist,2,New Delhi,675384
1643,Adobe,Data Scientist,2,New Delhi,1511412
1644,Coforge,Data Scientist,2,New Delhi,1600000
1645,S&P Global,Data Scientist,2,New Delhi,988792
1646,Snapdeal,Data Scientist,2,New Delhi,1126209
1647,IHS Markit,Data Scientist,2,New Delhi,1022383
1648,Nielsen,Data Scientist,2,New Delhi,994668
1649,McKinsey & Company,Data Scientist,2,New Delhi,1820394
1650,MakeMyTrip,Data Scientist,2,New Delhi,1431111
1651,PolicyBazaar,Data Scientist,2,New Delhi,1050911
1652,Mastercard,Data Scientist,2,New Delhi,2372152
1653,XYZ Tech,Data Scientist,2,New Delhi,960895
1654,Amity University,Data Scientist,2,New Delhi,1059305
1655,MetLife,Data Scientist,2,New Delhi,841773
1656,Incedo,Data Scientist,2,New Delhi,900640
1657,Aptara,Data Scientist,2,New Delhi,1109184
1658,Yatra Online Pvt Ltd,Data Scientist,2,New Delhi,627616
1659,Xebia,Data Scientist,2,New Delhi,1634470
1660,Pitney Bowes,Data Scientist,2,New Delhi,1364816
1661,Housing.com,Data Scientist,2,New Delhi,1403697
1662,McKinsey Knowledge Center,Data Scientist,2,New Delhi,1881607
1663,CarDekho,Data Scientist,2,New Delhi,1352722
1664,Ericsson IT Solutions & Services,Data Scientist,2,New Delhi,868995
1665,OLX Group,Data Scientist,2,New Delhi,1568839
1666,1mg,Data Scientist,2,New Delhi,991426
1667,Denave,Data Scientist,2,New Delhi,1194876
1668,RateGain,Data Scientist,2,New Delhi,1961700
1669,The Sparks Foundation,Data Scientist,2,New Delhi,266328
1670,Decimal Technologies,Data Scientist,2,New Delhi,1031408
1671,Verisk Analytics,Data Scientist,2,New Delhi,658000
1672,Birdeye,Data Scientist,2,New Delhi,2311305
1673,Tokopedia,Data Scientist,2,New Delhi,1530120
1674,Elucidata (MA),Data Scientist,2,New Delhi,310548
1675,RxLogix Corporation,Data Scientist,2,New Delhi,1195034
1676,Atlan,Data Scientist,2,New Delhi,208344
1677,Ganit,Data Scientist,2,New Delhi,1170069
1678,Analytics Vidhya,Data Scientist,2,New Delhi,151764
1679,Loginworks,Data Scientist,2,New Delhi,527901
1680,Innefu Labs Pvt,Data Scientist,2,New Delhi,767567
1681,ABSAS Solutions,Data Scientist,2,New Delhi,267396
1682,Ezappsolution,Data Scientist,2,New Delhi,1094569
1683,Netomi,Data Scientist,2,New Delhi,1556582
1684,Cargoflash Infotech,Data Scientist,2,New Delhi,97836
1685,Blackcoffer,Data Scientist,2,New Delhi,90564
1686,Cube26,Data Scientist,2,New Delhi,1028546
1687,AppyHigh Technology,Data Scientist,2,New Delhi,874317
1688,Flip Robo,Data Scientist,2,New Delhi,3204288
1689,TurningCloud Solutions,Data Scientist,2,New Delhi,424014
1690,Child Health Imprints,Data Scientist,2,New Delhi,843305
1691,Blue Sky Analytics,Data Scientist,2,New Delhi,451452
1692,FarmGuide,Data Scientist,2,New Delhi,1047782
1693,Kvantum,Data Scientist,2,New Delhi,1034962
1694,Precily,Data Scientist,2,New Delhi,670578
1695,Innovative Business Solutions,Data Scientist,2,New Delhi,821904
1696,Scry Analytics,Data Scientist,2,New Delhi,1329480
1697,Innowatts,Data Scientist,2,New Delhi,846480
1698,SimplifyVMS,Data Scientist,2,New Delhi,672000
1699,Akaike Technologies,Data Scientist,2,New Delhi,904395
1759,Fractal,Data Scientist,32,Mumbai,1643351
1760,Tata Consultancy Services,Data Scientist,18,Mumbai,566756
1761,Accenture,Data Scientist,10,Mumbai,900000
1762,Capgemini,Data Scientist,10,Mumbai,1055889
1763,Jio,Data Scientist,10,Mumbai,1037441
1764,Reliance Industries,Data Scientist,9,Mumbai,1773222
1765,Housing.com,Data Scientist,8,Mumbai,2383368
1766,Quantiphi,Data Scientist,7,Mumbai,919025
1767,Axis Bank,Data Scientist,6,Mumbai,1193674
1768,LTI,Data Scientist,5,Mumbai,644930
1769,HDFC Bank,Data Scientist,5,Mumbai,1070583
1770,Vodafone Idea,Data Scientist,5,Mumbai,2009767
1771,CASHe,Data Scientist,5,Mumbai,1098034
1772,Infosys,Data Scientist,4,Mumbai,1102095
1773,Cognizant Technology Solutions,Data Scientist,4,Mumbai,830959
1774,Deloitte,Data Scientist,4,Mumbai,1191942
1775,First Student,Data Scientist,4,Mumbai,1210857
1776,CitiusTech,Data Scientist,4,Mumbai,294111
1777,RBL Bank,Data Scientist,4,Mumbai,1180704
1778,ZEE5,Data Scientist,4,Mumbai,1458789
1779,Mahindra Integrated Business Solutions,Data Scientist,4,Mumbai,974832
1780,DataScientest,Data Scientist,4,Mumbai,548208
1781,Pentation Analytics,Data Scientist,4,Mumbai,650654
1782,NDS InfoServ,Data Scientist,4,Mumbai,926744
1783,Arya.ai,Data Scientist,4,Mumbai,838354
1784,Wipro,Data Scientist,3,Mumbai,364416
1785,Amazon,Data Scientist,3,Mumbai,1018095
1786,IBM,Data Scientist,3,Mumbai,1193120
1787,PwC,Data Scientist,3,Mumbai,1449831
1788,Google,Data Scientist,3,Mumbai,1355169
1789,Atos-Syntel,Data Scientist,3,Mumbai,875733
1790,Siemens,Data Scientist,3,Mumbai,1257890
1791,Mahindra,Data Scientist,3,Mumbai,1022850
1792,eClerx,Data Scientist,3,Mumbai,733769
1793,HERE Technologies,Data Scientist,3,Mumbai,1782011
1794,HDFC Standard Life Insurance,Data Scientist,3,Mumbai,1221714
1795,Morningstar,Data Scientist,3,Mumbai,957432
1796,L&T Financial Services,Data Scientist,3,Mumbai,886778
1797,Piramal Enterprises,Data Scientist,3,Mumbai,866592
1798,Piramal Enterprises,Data Scientist,3,Mumbai,1160523
1799,Episource,Data Scientist,3,Mumbai,894949
1800,XPO Logistics,Data Scientist,3,Mumbai,1581030
1801,Loylty Rewardz Mngt,Data Scientist,3,Mumbai,1223523
1802,Karza Technologies,Data Scientist,3,Mumbai,1700000
1803,Prudential plc,Data Scientist,3,Mumbai,1108264
1804,Dure Technologies,Data Scientist,3,Mumbai,1289859
1805,Tata Consultancy Services,Data Scientist,2,Mumbai,224844
1806,Tech Mahindra,Data Scientist,2,Mumbai,885892
1807,EY,Data Scientist,2,Mumbai,1025737
1808,Fresher,Data Scientist,2,Mumbai,604404
1809,ICICI Bank,Data Scientist,2,Mumbai,589332
1810,Microsoft,Data Scientist,2,Mumbai,2600220
1811,ABC,Data Scientist,2,Mumbai,1036761
1812,Kotak Mahindra,Data Scientist,2,Mumbai,799776
1813,Freshworks,Data Scientist,2,Mumbai,494353
1814,NVIDIA,Data Scientist,2,Mumbai,4187500
1815,HERE Technologies,Data Scientist,2,Mumbai,503280
1816,Fractal,Data Scientist,2,Mumbai,477864
1817,MAERSK,Data Scientist,2,Mumbai,1717206
1818,Tata AIG General Insurance,Data Scientist,2,Mumbai,1406673
1819,General Mills,Data Scientist,2,Mumbai,1734062
1820,Motilal Oswal Securities,Data Scientist,2,Mumbai,649989
1821,Hdfc,Data Scientist,2,Mumbai,779424
1822,Tata Group,Data Scientist,2,Mumbai,977421
1823,PharmEasy,Data Scientist,2,Mumbai,1451194
1824,Decimal Point Analytics,Data Scientist,2,Mumbai,1126055
1825,People Group,Data Scientist,2,Mumbai,1314654
1826,MiQ,Data Scientist,2,Mumbai,1240055
1827,UPL,Data Scientist,2,Mumbai,991653
1828,Lead School (India),Data Scientist,2,Mumbai,1329996
1829,LogiNext Solutions,Data Scientist,2,Mumbai,465001
1830,Bewakoof Brands,Data Scientist,2,Mumbai,730703
1831,Meru Mobility Tech,Data Scientist,2,Mumbai,960996
1832,Kissht,Data Scientist,2,Mumbai,680112
1833,Radhakrishna Foodland,Data Scientist,2,Mumbai,304060
1834,Tableau Software,Data Scientist,2,Mumbai,2865536
1835,FlexiLoans Technologies,Data Scientist,2,Mumbai,827693
1836,Square Panda,Data Scientist,2,Mumbai,676720
1837,Think Analytics,Data Scientist,2,Mumbai,606168
1838,Locobuzz,Data Scientist,2,Mumbai,835493
1839,SMEcorner,Data Scientist,2,Mumbai,488700
1840,Quantsapp,Data Scientist,2,Mumbai,227112
1841,HDFC Developers,Data Scientist,2,Mumbai,1494696
1842,Javis,Data Scientist,2,Mumbai,2075185
1843,Cuddle,Data Scientist,2,Mumbai,1961487
1844,Arohi Operations,Data Scientist,2,Mumbai,370008
1954,Accenture,Data Analyst,62,Bangalore,608077
1955,Tata Consultancy Services,Data Analyst,48,Bangalore,483697
1956,Mu Sigma,Data Analyst,45,Bangalore,610598
1957,Amazon,Data Analyst,44,Bangalore,670610
1958,Myntra,Data Analyst,41,Bangalore,1004884
1959,Capgemini,Data Analyst,40,Bangalore,442476
1960,Infosys,Data Analyst,32,Bangalore,562096
1961,IBM,Data Analyst,31,Bangalore,588369
1962,Flipkart,Data Analyst,27,Bangalore,621119
1963,TheMathCompany,Data Analyst,25,Bangalore,466187
1964,BRIDGEi2i,Data Analyst,24,Bangalore,534502
1965,Cognizant Technology Solutions,Data Analyst,24,Bangalore,580641
1966,EY,Data Analyst,23,Bangalore,468651
1967,Deloitte,Data Analyst,21,Bangalore,644930
1968,Tech Mahindra,Data Analyst,19,Bangalore,500374
1969,Wipro,Data Analyst,18,Bangalore,638418
1970,Concentrix,Data Analyst,18,Bangalore,455252
1971,Mindtree,Data Analyst,16,Bangalore,586329
1972,Ugam,Data Analyst,16,Bangalore,728836
1973,HSBC,Data Analyst,15,Bangalore,839303
1974,Indegene,Data Analyst,15,Bangalore,821904
1975,Fresher,Data Analyst,15,Bangalore,488688
1976,Dell Technologies,Data Analyst,14,Bangalore,601924
1977,IQVIA,Data Analyst,14,Bangalore,622687
1978,Oracle,Data Analyst,13,Bangalore,644930
1979,Shadowfax Technologies,Data Analyst,13,Bangalore,458143
1980,Epsilon,Data Analyst,12,Bangalore,1028758
1981,Proziod,Data Analyst,12,Bangalore,329285
1982,Genpact,Data Analyst,11,Bangalore,308214
1983,BYJU'S,Data Analyst,10,Bangalore,559400
1984,Capital One,Data Analyst,10,Bangalore,1329533
1985,Citi,Data Analyst,10,Bangalore,1175802
1986,KPMG,Data Analyst,10,Bangalore,552004
1987,Target,Data Analyst,10,Bangalore,1233390
1988,Flipkart,Data Analyst,9,Bangalore,610857
1989,ANZ Bank,Data Analyst,9,Bangalore,999547
1990,Goldman Sachs,Data Analyst,9,Bangalore,1462260
1991,Rapido,Data Analyst,8,Bangalore,791011
1992,Vedantu,Data Analyst,8,Bangalore,637459
1993,Cerner,Data Analyst,8,Bangalore,817059
1994,udaan.com,Data Analyst,8,Bangalore,460092
1995,Mercedes-Benz Research and Development India,Data Analyst,8,Bangalore,892073
1996,Aptus Data Labs,Data Analyst,8,Bangalore,519599
1997,Shell,Data Analyst,8,Bangalore,1048552
1998,KreditBee,Data Analyst,7,Bangalore,677584
1999,Schneider Electric,Data Analyst,7,Bangalore,677916
2000,ninjacart,Data Analyst,7,Bangalore,537441
2001,HARMAN,Data Analyst,7,Bangalore,564816
2002,Tredence,Data Analyst,7,Bangalore,650000
2003,Hewlett Packard Enterprise | HPE,Data Analyst,7,Bangalore,746051
2004,DXC Technology,Data Analyst,7,Bangalore,572657
2005,Cisco Systems,Data Analyst,7,Bangalore,1074883
2006,E2open,Data Analyst,6,Bangalore,359881
2007,ExxonMobil,Data Analyst,6,Bangalore,1092609
2008,Citicorp Services India,Data Analyst,6,Bangalore,1061562
2009,Nones,Data Analyst,6,Bangalore,582960
2010,Google,Data Analyst,6,Bangalore,917436
2011,HSBC Electronic Data Processing India,Data Analyst,6,Bangalore,968920
2012,First Student,Data Analyst,6,Bangalore,653141
2013,TEKsystems,Data Analyst,6,Bangalore,585088
2014,JLL,Data Analyst,6,Bangalore,763966
2015,Pacecom Technologies,Data Analyst,6,Bangalore,211557
2016,Kabbage,Data Analyst,6,Bangalore,882956
2017,Sandcube Analytics,Data Analyst,6,Bangalore,174360
2018,Kantar Analytics Practice,Data Analyst,6,Bangalore,358527
2019,Annalect,Data Analyst,5,Bangalore,681357
2020,HP Inc.,Data Analyst,5,Bangalore,738725
2021,Data Gyan,Data Analyst,5,Bangalore,184929
2022,Fractal,Data Analyst,5,Bangalore,537441
2023,Wells Fargo,Data Analyst,5,Bangalore,955878
2024,Unacademy,Data Analyst,5,Bangalore,753600
2025,Lowe's Home Improvement,Data Analyst,5,Bangalore,981061
2026,CGI,Data Analyst,5,Bangalore,490531
2027,Nielsen,Data Analyst,5,Bangalore,293756
2028,Chainalytics,Data Analyst,5,Bangalore,509801
2029,Tekion,Data Analyst,5,Bangalore,1000000
2030,McAfee,Data Analyst,5,Bangalore,1232857
2031,Cuelearn,Data Analyst,5,Bangalore,565059
2032,Freshers.com,Data Analyst,5,Bangalore,400000
2033,Envestnet,Data Analyst,5,Bangalore,648838
2034,edureka!,Data Analyst,5,Bangalore,440262
2035,AIG,Data Analyst,5,Bangalore,657037
2036,Fragma Data Systems,Data Analyst,5,Bangalore,524121
2037,Tracxn,Data Analyst,5,Bangalore,322465
2038,Hinduja Global Solutions,Data Analyst,5,Bangalore,420000
2039,Honeywell,Data Analyst,5,Bangalore,1050000
2040,Ericsson-Worldwide,Data Analyst,5,Bangalore,500857
2041,Tiger Analytics,Data Analyst,4,Bangalore,750000
2042,Walmart Global Tech,Data Analyst,4,Bangalore,1447312
2043,Anheuser-Busch InBev,Data Analyst,4,Bangalore,1506361
2044,XYZ,Data Analyst,4,Bangalore,429977
2045,Accentue,Data Analyst,4,Bangalore,763696
2046,Zyme Solutions,Data Analyst,4,Bangalore,361404
2047,Postman,Data Analyst,4,Bangalore,1254713
2048,Professional,Data Analyst,4,Bangalore,302076
2049,Axis Bank,Data Analyst,4,Bangalore,790715
2050,HCL Technologies,Data Analyst,4,Bangalore,319712
2051,Tesco Bengaluru,Data Analyst,4,Bangalore,958143
2052,Nineleaps Technology Solutions,Data Analyst,4,Bangalore,522304
2053,Bidgely,Data Analyst,4,Bangalore,678516
2054,Accenture,Data Analyst,4,Bangalore,659664
2055,KrazyBee,Data Analyst,4,Bangalore,848548
2056,Course5 Intelligence,Data Analyst,4,Bangalore,361038
2057,Yodlee,Data Analyst,4,Bangalore,783436
2058,Fresher,Data Analyst,4,Bangalore,303816
2059,XYZ (Turkey),Data Analyst,4,Bangalore,915717
2060,EMPLOYERS,Data Analyst,4,Bangalore,316821
2061,Apexon,Data Analyst,4,Bangalore,252058
2062,Rupeek,Data Analyst,4,Bangalore,567335
2063,Unilog Content Solutions,Data Analyst,4,Bangalore,220848
2064,Wipro Technologies,Data Analyst,4,Bangalore,687214
2065,Gallagher,Data Analyst,4,Bangalore,290904
2066,IHS Markit,Data Analyst,4,Bangalore,390355
2067,XYZ Tech,Data Analyst,4,Bangalore,507676
2068,Grofers,Data Analyst,4,Bangalore,1254401
2069,Microsoft,Data Analyst,3,Bangalore,1210770
2070,LatentView Analytics,Data Analyst,3,Bangalore,624780
2071,Sixth Energy Technologies,Data Analyst,3,Bangalore,356402
2072,Daily Ninja,Data Analyst,3,Bangalore,373817
2073,Data Gyan,Data Analyst,3,Bangalore,180876
2074,Sankhyana Consultancy Services,Data Analyst,3,Bangalore,360000
2075,EY,Data Analyst,3,Bangalore,336468
2076,ANZ Bank,Data Analyst,3,Bangalore,643705
2077,Coviam,Data Analyst,3,Bangalore,878427
2078,BlitzJobs,Data Analyst,3,Bangalore,64488
2079,Fidelity National Financial,Data Analyst,3,Bangalore,429124
2080,Affine,Data Analyst,3,Bangalore,666696
2081,Quotient,Data Analyst,3,Bangalore,610857
2082,Bharat Light & Power,Data Analyst,3,Bangalore,806162
2083,Central Test,Data Analyst,3,Bangalore,470000
2084,RentoMojo,Data Analyst,3,Bangalore,577021
2085,Counfreedise,Data Analyst,3,Bangalore,302200
2086,Empower Retirement,Data Analyst,3,Bangalore,1108264
2087,Tata Consultancy Services (North America),Data Analyst,3,Bangalore,665924
2088,Thomson Reuters,Data Analyst,3,Bangalore,669114
2089,TEKsystems,Data Analyst,3,Bangalore,610857
2090,Pramata,Data Analyst,3,Bangalore,309492
2091,Tata Consultancy Services,Data Analyst,3,Bangalore,644928
2092,Scripbox,Data Analyst,3,Bangalore,832956
2093,Fresher Than Fresh,Data Analyst,3,Bangalore,249888
2094,Total Infrastructure Management Solutions,Data Analyst,3,Bangalore,318624
2095,Swiggy,Data Analyst,3,Bangalore,604404
2096,Assembly,Data Analyst,3,Bangalore,1140522
2097,PayPal,Data Analyst,3,Bangalore,698674
2098,BankBazaar,Data Analyst,3,Bangalore,725281
2099,Unbxd,Data Analyst,3,Bangalore,712308
2100,Rainman Consulting,Data Analyst,3,Bangalore,424836
2101,Quinbay,Data Analyst,3,Bangalore,916285
2102,ABC,Data Analyst,3,Bangalore,908078
2103,Izmo,Data Analyst,3,Bangalore,253392
2104,Karvy Computershare,Data Analyst,3,Bangalore,166535
2105,TCS,Data Analyst,3,Bangalore,513690
2106,SagasIT Analytics,Data Analyst,3,Bangalore,640520
2107,WNS,Data Analyst,3,Bangalore,856466
2108,Mahindra First Choice Wheels,Data Analyst,3,Bangalore,602066
2109,PwC,Data Analyst,3,Bangalore,667797
2110,Amazon,Data Analyst,3,Bangalore,241176
2111,dhiOmics Analytics Solutions,Data Analyst,3,Bangalore,604401
2112,Standard Chartered Bank,Data Analyst,3,Bangalore,670000
2113,Wells Fargo,Data Analyst,3,Bangalore,441480
2114,Diageo,Data Analyst,3,Bangalore,783081
2115,Happay,Data Analyst,3,Bangalore,443306
2116,PharmEasy,Data Analyst,3,Bangalore,859906
2117,BizViz Technologies,Data Analyst,3,Bangalore,542067
2118,Fidelity Investments,Data Analyst,3,Bangalore,898810
2119,Unilever,Data Analyst,3,Bangalore,831051
2120,Anonymous Content,Data Analyst,3,Bangalore,521474
2121,Mobile Premier League,Data Analyst,3,Bangalore,1221714
2122,Noesys Software,Data Analyst,3,Bangalore,435196
2123,Symphony RetailAI,Data Analyst,3,Bangalore,698674
2124,Clarivate,Data Analyst,3,Bangalore,732516
2125,Reliance Industries,Data Analyst,3,Bangalore,583954
2126,NTT DATA,Data Analyst,3,Bangalore,310791
2127,Unilever,Data Analyst,3,Bangalore,705134
2128,Walmart,Data Analyst,3,Bangalore,970000
2129,Other,Data Analyst,3,Bangalore,372950
2130,Draup,Data Analyst,3,Bangalore,604401
2131,Target,Data Analyst,3,Bangalore,310855
2132,Ipsos,Data Analyst,2,Bangalore,629138
2133,Smart Desert,Data Analyst,2,Bangalore,566691
2134,J.P. Morgan,Data Analyst,2,Bangalore,1056787
2135,Ola,Data Analyst,2,Bangalore,789272
2136,Shubh Loans,Data Analyst,2,Bangalore,419297
2137,HSBC,Data Analyst,2,Bangalore,1515636
2138,Supermarket Grocery Supplies,Data Analyst,2,Bangalore,717222
2139,Manthan,Data Analyst,2,Bangalore,1065391
2140,Yukthi Datasoft,Data Analyst,2,Bangalore,214548
2141,MH Alshaya,Data Analyst,2,Bangalore,755874
2142,Predictive Research,Data Analyst,2,Bangalore,210216
2143,TechnipFMC,Data Analyst,2,Bangalore,938892
2144,Tarah Technologies,Data Analyst,2,Bangalore,204144
2145,CapFront Technologies,Data Analyst,2,Bangalore,373694
2146,American Express,Data Analyst,2,Bangalore,725772
2147,Betterplace Safety Solutions,Data Analyst,2,Bangalore,184092
2148,Razorpay,Data Analyst,2,Bangalore,463374
2149,Datamatics Global Services,Data Analyst,2,Bangalore,1472465
2150,WMall,Data Analyst,2,Bangalore,462580
2151,Sphera Solutions,Data Analyst,2,Bangalore,349318
2152,Enquero,Data Analyst,2,Bangalore,1049677
2153,American Express Global Business Travel,Data Analyst,2,Bangalore,757692
2154,Tata Consultancy Services,Data Analyst,35,Pune,523086
2155,Infosys,Data Analyst,28,Pune,538184
2156,Cognizant Technology Solutions,Data Analyst,26,Pune,537527
2157,eClerx,Data Analyst,22,Pune,263857
2158,Verificient Technologies,Data Analyst,20,Pune,184929
2159,Capgemini,Data Analyst,17,Pune,429137
2160,Fresher,Data Analyst,14,Pune,334986
2161,Verificient Technologies,Data Analyst,12,Pune,155256
2162,Accenture,Data Analyst,11,Pune,581174
2163,Zensar Technologies,Data Analyst,11,Pune,371397
2164,ZS Associates,Data Analyst,10,Pune,712615
2165,Tech Mahindra,Data Analyst,10,Pune,426237
2166,Barclays,Data Analyst,10,Pune,861638
2167,Red Hat,Data Analyst,7,Pune,923233
2168,Citi,Data Analyst,6,Pune,1109047
2169,Professional,Data Analyst,6,Pune,398448
2170,Resilinc,Data Analyst,6,Pune,398280
2171,Nones,Data Analyst,5,Pune,359583
2172,Eaton,Data Analyst,5,Pune,509047
2173,Saama Technologies,Data Analyst,5,Pune,536700
2174,BizKonnect Solutions,Data Analyst,5,Pune,308214
2175,FirstCry com,Data Analyst,5,Pune,487335
2176,Qualsquad,Data Analyst,5,Pune,192631
2177,TresVista,Data Analyst,5,Pune,474309
2178,Vodafone,Data Analyst,4,Pune,522447
2179,Amazon,Data Analyst,4,Pune,345526
2180,LTI,Data Analyst,4,Pune,661761
2181,Evolent Health,Data Analyst,4,Pune,1005277
2182,Fiserv,Data Analyst,4,Pune,1028877
2183,Amdocs,Data Analyst,4,Pune,1102095
2184,UBS,Data Analyst,4,Pune,937282
2185,Dataction Analytics,Data Analyst,4,Pune,279712
2186,HARMAN,Data Analyst,4,Pune,640451
2187,Cybage Software,Data Analyst,4,Pune,921294
2188,Machintel,Data Analyst,4,Pune,212832
2189,iResearch Services,Data Analyst,4,Pune,423084
2190,First Student,Data Analyst,4,Pune,381703
2191,Bitwise,Data Analyst,3,Pune,763571
2192,SG Analytics,Data Analyst,3,Pune,837449
2193,Searce,Data Analyst,3,Pune,225861
2194,Yardi Systems,Data Analyst,3,Pune,397776
2195,Schlumberger,Data Analyst,3,Pune,1656855
2196,Selling Simplified,Data Analyst,3,Pune,535296
2197,MAERSK,Data Analyst,3,Pune,829909
2198,Kantar,Data Analyst,3,Pune,372950
2199,Ecolab,Data Analyst,3,Pune,610857
2200,QuinStreet,Data Analyst,3,Pune,602930
2201,TSL Marketing,Data Analyst,3,Pune,188688
2202,Wipro,Data Analyst,3,Pune,360000
2203,Sokrati,Data Analyst,3,Pune,451723
2204,IDeaS - A SAS Company,Data Analyst,3,Pune,466577
2205,Credit Suisse,Data Analyst,3,Pune,1019603
2206,Tata Communications,Data Analyst,3,Pune,203280
2207,Comscore,Data Analyst,3,Pune,1031658
2208,IBM,Data Analyst,3,Pune,466187
2209,Mphasis,Data Analyst,3,Pune,422946
2210,SSP Technology,Data Analyst,3,Pune,671940
2211,159 Solutions,Data Analyst,3,Pune,828777
2212,Honeywell,Data Analyst,3,Pune,362590
2213,First Student,Data Analyst,3,Pune,403590
2214,vPhrase,Data Analyst,3,Pune,377367
2215,Atidiv,Data Analyst,2,Pune,434448
2216,Ubique Systems,Data Analyst,2,Pune,833472
2217,Exusia,Data Analyst,2,Pune,399044
2218,Tech Data,Data Analyst,2,Pune,393552
2219,Bajaj Allianz General Insurance Co,Data Analyst,2,Pune,492899
2220,Tata Technologies,Data Analyst,2,Pune,780612
2221,Valasys Media,Data Analyst,2,Pune,716000
2222,Cognizant Technology Solutions,Data Analyst,2,Pune,103476
2223,AppZen,Data Analyst,2,Pune,292968
2224,John Deere,Data Analyst,2,Pune,984306
2225,Deloitte,Data Analyst,2,Pune,920124
2226,GiantView,Data Analyst,2,Pune,274704
2227,HSBC Software Development India,Data Analyst,2,Pune,982170
2228,IQVIA,Data Analyst,2,Pune,671997
2229,Bajaj Finance,Data Analyst,2,Pune,1388485
2230,BNY Mellon,Data Analyst,2,Pune,773916
2231,Coupa Software Inc,Data Analyst,2,Pune,726953
2232,Energy Exemplar,Data Analyst,2,Pune,1677629
2233,Atos-Syntel,Data Analyst,2,Pune,249456
2234,XYZ (Turkey),Data Analyst,2,Pune,1409604
2235,Persistent Systems,Data Analyst,2,Pune,468499
2236,Gallagher,Data Analyst,2,Pune,327228
2237,SBT Research,Data Analyst,2,Pune,157824
2238,InfoCepts,Data Analyst,2,Pune,622152
2239,Landytech,Data Analyst,2,Pune,225000
2240,Multibrands International,Data Analyst,2,Pune,607908
2241,BNY Mellon,Data Analyst,2,Pune,559098
2242,KPIT Technologies,Data Analyst,2,Pune,500112
2243,Collabera,Data Analyst,2,Pune,462312
2244,Sakon,Data Analyst,2,Pune,279036
2245,Indiacom,Data Analyst,2,Pune,360168
2246,JetSynthesys,Data Analyst,2,Pune,540737
2247,Data Philics,Data Analyst,2,Pune,274848
2248,Friends Union for Energising Lives (Fuel),Data Analyst,2,Pune,29520
2249,SS Supply Chain Solutions,Data Analyst,2,Pune,658975
2250,DONE by NONE,Data Analyst,2,Pune,250692
2251,NVIDIA,Data Analyst,2,Pune,360468
2252,AffinityX,Data Analyst,2,Pune,193764
2253,Entercoms,Data Analyst,2,Pune,421223
2254,BYJU'S,Data Analyst,2,Pune,472340
2255,First Student,Data Analyst,2,Pune,277519
2256,Knorex,Data Analyst,2,Pune,318228
2257,XYZ,Data Analyst,2,Pune,730679
2258,NA World Services,Data Analyst,2,Pune,378396
2259,Sokrati,Data Analyst,2,Pune,123540
2260,Rudder Analytics,Data Analyst,2,Pune,438266
2261,Emcure Pharmaceuticals,Data Analyst,2,Pune,451392
2354,Tata Consultancy Services,Data Analyst,35,Hyderabad,500000
2355,Deloitte,Data Analyst,29,Hyderabad,624783
2356,Amazon,Data Analyst,25,Hyderabad,419297
2357,Accenture,Data Analyst,23,Hyderabad,479366
2358,Cognizant Technology Solutions,Data Analyst,22,Hyderabad,527930
2359,Zen3 Info Solutions,Data Analyst,19,Hyderabad,297492
2360,Tech Mahindra,Data Analyst,18,Hyderabad,400745
2361,Infosys,Data Analyst,14,Hyderabad,495265
2362,IBM,Data Analyst,12,Hyderabad,513986
2363,Google,Data Analyst,11,Hyderabad,1532909
2364,CAMP Systems,Data Analyst,9,Hyderabad,348156
2365,GlobalData,Data Analyst,9,Hyderabad,363228
2366,Optum,Data Analyst,9,Hyderabad,1273952
2367,Capgemini,Data Analyst,9,Hyderabad,377686
2368,GlobalLogic,Data Analyst,8,Hyderabad,242324
2369,Microsoft,Data Analyst,7,Hyderabad,924643
2370,Unifytech,Data Analyst,7,Hyderabad,223812
2371,Kantar,Data Analyst,7,Hyderabad,407376
2372,ICICI Bank,Data Analyst,7,Hyderabad,604401
2373,Cyient,Data Analyst,7,Hyderabad,564107
2374,Wipro,Data Analyst,7,Hyderabad,305881
2375,ValueLabs,Data Analyst,7,Hyderabad,902901
2376,Metrics4 Analytics,Data Analyst,6,Hyderabad,470717
2377,UnitedHealth Group,Data Analyst,6,Hyderabad,1198941
2378,Saras Analytics,Data Analyst,5,Hyderabad,703418
2379,Teleperformance,Data Analyst,5,Hyderabad,186000
2380,Dynata,Data Analyst,5,Hyderabad,388898
2381,Verizon,Data Analyst,5,Hyderabad,976617
2382,Serco Group,Data Analyst,5,Hyderabad,370764
2383,Quadrant Resource,Data Analyst,5,Hyderabad,330132
2384,Zeta Global,Data Analyst,5,Hyderabad,382351
2385,Zen3 Infosolutions,Data Analyst,5,Hyderabad,500000
2386,Optum Global Solutions,Data Analyst,5,Hyderabad,903446
2387,Dell Technologies,Data Analyst,5,Hyderabad,1007334
2388,ADP,Data Analyst,4,Hyderabad,640566
2389,Oracle,Data Analyst,4,Hyderabad,1139417
2390,S&P Global,Data Analyst,4,Hyderabad,658529
2391,Wells Fargo,Data Analyst,4,Hyderabad,681356
2392,Uber,Data Analyst,4,Hyderabad,662645
2393,Novartis,Data Analyst,4,Hyderabad,914961
2394,Fresher,Data Analyst,4,Hyderabad,360588
2395,DataBeat,Data Analyst,4,Hyderabad,403524
2396,Salesforce,Data Analyst,4,Hyderabad,1205626
2397,PK,Data Analyst,4,Hyderabad,452137
2398,Apex CoVantage,Data Analyst,3,Hyderabad,106392
2399,MediaMint,Data Analyst,3,Hyderabad,366514
2400,MetrixLab,Data Analyst,3,Hyderabad,437781
2401,EMPLOYERS,Data Analyst,3,Hyderabad,300000
2402,Genpact,Data Analyst,3,Hyderabad,338792
2403,IMImobile,Data Analyst,3,Hyderabad,711350
2404,Quantium,Data Analyst,3,Hyderabad,1072842
2405,HitWicket,Data Analyst,3,Hyderabad,669115
2406,AIR Worldwide,Data Analyst,3,Hyderabad,398975
2407,Indian Political Action Committee,Data Analyst,3,Hyderabad,735354
2408,Indium Software,Data Analyst,3,Hyderabad,743209
2409,Ivy,Data Analyst,3,Hyderabad,967041
2410,NTT DATA,Data Analyst,3,Hyderabad,508188
2411,IHS Markit,Data Analyst,3,Hyderabad,509802
2412,First Student,Data Analyst,3,Hyderabad,600000
2413,Trianz,Data Analyst,3,Hyderabad,588637
2414,Tata Steel,Data Analyst,2,Hyderabad,857580
2415,Exusia,Data Analyst,2,Hyderabad,443020
2416,Cotiviti,Data Analyst,2,Hyderabad,311470
2417,Realshoppee Retail,Data Analyst,2,Hyderabad,503064
2418,ICE Data Services,Data Analyst,2,Hyderabad,430475
2419,CDK Global,Data Analyst,2,Hyderabad,1123734
2420,Vodafone Idea,Data Analyst,2,Hyderabad,616488
2421,[24]7.ai,Data Analyst,2,Hyderabad,2243796
2422,Intercontinental Exchange,Data Analyst,2,Hyderabad,458425
2423,Jayar Manufacturing,Data Analyst,2,Hyderabad,719166
2424,ReferenceGlobe,Data Analyst,2,Hyderabad,180440
2425,DuPont Sustainable Solutions,Data Analyst,2,Hyderabad,861090
2426,Technical Data Analysis,Data Analyst,2,Hyderabad,360000
2427,Amazon,Data Analyst,2,Hyderabad,998364
2428,Wenable Technologies,Data Analyst,2,Hyderabad,625884
2429,Parexel,Data Analyst,2,Hyderabad,519540
2430,HSBC,Data Analyst,2,Hyderabad,606240
2431,Franklin Templeton Investments,Data Analyst,2,Hyderabad,136137
2432,BYJU'S,Data Analyst,2,Hyderabad,633866
2433,HCL,Data Analyst,2,Hyderabad,900229
2434,Yes Bank,Data Analyst,2,Hyderabad,338652
2435,Cogent Data Solutions,Data Analyst,2,Hyderabad,286512
2436,Solugenix Corporation,Data Analyst,2,Hyderabad,113208
2437,Minvesta,Data Analyst,2,Hyderabad,283956
2438,Virtusa,Data Analyst,2,Hyderabad,2265324
2439,HCL Technologies,Data Analyst,2,Hyderabad,337236
2440,Rajesh Motors,Data Analyst,2,Hyderabad,375807
2441,SR Edu Solutions,Data Analyst,2,Hyderabad,220740
2442,YES,Data Analyst,2,Hyderabad,209952
2443,Freelancer,Data Analyst,2,Hyderabad,286452
2444,DONE by NONE,Data Analyst,2,Hyderabad,732996
2445,InsideView,Data Analyst,2,Hyderabad,876660
2446,Next Education India,Data Analyst,2,Hyderabad,619752
2447,First Student,Data Analyst,2,Hyderabad,2821536
2448,DBS Bank,Data Analyst,2,Hyderabad,1138712
2548,GlobalLogic,Data Analyst,86,New Delhi,230043
2549,Tata Consultancy Services,Data Analyst,49,New Delhi,591185
2550,Accenture,Data Analyst,28,New Delhi,602557
2551,HCL Technologies,Data Analyst,26,New Delhi,414214
2552,EXL Service,Data Analyst,24,New Delhi,635113
2553,Innovaccer,Data Analyst,23,New Delhi,790515
2554,The Smart Cube,Data Analyst,20,New Delhi,711651
2555,Axtria,Data Analyst,20,New Delhi,670089
2556,EY,Data Analyst,17,New Delhi,500434
2557,Optum,Data Analyst,17,New Delhi,960000
2558,Absolutdata,Data Analyst,17,New Delhi,594768
2559,American Express,Data Analyst,15,New Delhi,1134824
2560,OYO,Data Analyst,15,New Delhi,601029
2561,IBM,Data Analyst,15,New Delhi,521474
2562,Ericsson-Worldwide,Data Analyst,15,New Delhi,449332
2563,Cognizant Technology Solutions,Data Analyst,14,New Delhi,456591
2564,Genpact,Data Analyst,14,New Delhi,525749
2565,Wipro,Data Analyst,14,New Delhi,593140
2566,Bharti Airtel,Data Analyst,13,New Delhi,484519
2567,Amazon,Data Analyst,12,New Delhi,566735
2568,Capgemini,Data Analyst,12,New Delhi,401435
2569,Paytm,Data Analyst,12,New Delhi,602693
2570,Tech Mahindra,Data Analyst,11,New Delhi,340679
2571,Fresher,Data Analyst,11,New Delhi,402934
2572,ZS Associates,Data Analyst,11,New Delhi,712674
2573,NTT DATA,Data Analyst,11,New Delhi,502442
2574,LiquidHub,Data Analyst,10,New Delhi,351668
2575,UnitedHealth Group,Data Analyst,9,New Delhi,928492
2576,Aon,Data Analyst,9,New Delhi,397330
2577,Snapdeal,Data Analyst,9,New Delhi,1019603
2578,Google,Data Analyst,9,New Delhi,386958
2579,AXA XL,Data Analyst,8,New Delhi,731213
2580,WNS,Data Analyst,8,New Delhi,726809
2581,American Express,Data Analyst,8,New Delhi,1070976
2582,KPMG,Data Analyst,8,New Delhi,509210
2583,Mercer,Data Analyst,8,New Delhi,400410
2584,Publicis Sapient,Data Analyst,7,New Delhi,680894
2585,Denave,Data Analyst,7,New Delhi,417179
2586,Deloitte,Data Analyst,7,New Delhi,429953
2587,McKinsey & Company,Data Analyst,7,New Delhi,1401954
2588,BT,Data Analyst,7,New Delhi,524564
2589,Decision Point,Data Analyst,7,New Delhi,616428
2590,Saarthee,Data Analyst,7,New Delhi,621583
2591,Collegedunia,Data Analyst,7,New Delhi,261907
2592,IHS Markit,Data Analyst,7,New Delhi,621583
2593,ABC,Data Analyst,6,New Delhi,538846
2594,MedTourEasy,Data Analyst,6,New Delhi,311449
2595,b3Intelligence,Data Analyst,6,New Delhi,394920
2596,Fresher,Data Analyst,6,New Delhi,302400
2597,Fiserv,Data Analyst,6,New Delhi,1324095
2598,DXC Technology,Data Analyst,6,New Delhi,545756
2599,Competent Software,Data Analyst,6,New Delhi,185388
2600,Freelancer,Data Analyst,6,New Delhi,520272
2601,Optum Global Solutions,Data Analyst,6,New Delhi,1218012
2602,TransOrg Analytics,Data Analyst,6,New Delhi,664286
2603,Toluna,Data Analyst,6,New Delhi,544387
2604,Concentrix,Data Analyst,6,New Delhi,438924
2605,TO THE NEW,Data Analyst,5,New Delhi,309194
2606,R1 RCM,Data Analyst,5,New Delhi,537613
2607,EasyRewardz,Data Analyst,5,New Delhi,484238
2608,Better.com,Data Analyst,5,New Delhi,1177000
2609,Times Internet,Data Analyst,5,New Delhi,602930
2610,McKinsey Knowledge Center,Data Analyst,5,New Delhi,1541071
2611,Palin Analytics,Data Analyst,5,New Delhi,498630
2612,Nokia,Data Analyst,5,New Delhi,363231
2613,Encore Capital Group,Data Analyst,5,New Delhi,677584
2614,Nagarro,Data Analyst,5,New Delhi,1119076
2615,Annik Technology Services,Data Analyst,5,New Delhi,280296
2616,QL2,Data Analyst,5,New Delhi,246108
2617,Infosys,Data Analyst,5,New Delhi,1130085
2618,Dell Technologies,Data Analyst,5,New Delhi,602930
2619,DecisionTree Analytics & Services,Data Analyst,5,New Delhi,594543
2620,Polestar Solutions & Services India,Data Analyst,4,New Delhi,604847
2621,Gartner,Data Analyst,4,New Delhi,865056
2622,Home Credit India,Data Analyst,4,New Delhi,363048
2623,Citi,Data Analyst,4,New Delhi,600558
2624,Value Edge Research Services,Data Analyst,4,New Delhi,802080
2625,Ameriprise,Data Analyst,4,New Delhi,778493
2626,Teleperformance,Data Analyst,4,New Delhi,654510
2627,Fractal,Data Analyst,4,New Delhi,878070
2628,GALYTIX,Data Analyst,4,New Delhi,623148
2629,Team Computers,Data Analyst,4,New Delhi,293232
2630,Chatous,Data Analyst,4,New Delhi,332712
2631,CSC E-Governance Services,Data Analyst,4,New Delhi,310144
2632,Adglobal360,Data Analyst,4,New Delhi,602345
2633,BlackRock,Data Analyst,4,New Delhi,690924
2634,WheelsEye Technology,Data Analyst,4,New Delhi,625157
2635,Hive (CA),Data Analyst,4,New Delhi,390283
2636,Apsidata solutions,Data Analyst,4,New Delhi,263808
2637,BOLD,Data Analyst,4,New Delhi,1151955
2638,Britis Telecom,Data Analyst,4,New Delhi,464246
2639,Urban Company,Data Analyst,4,New Delhi,120444
2640,NCR,Data Analyst,4,New Delhi,409648
2641,PolicyBazaar,Data Analyst,4,New Delhi,551047
2642,Google,Data Analyst,4,New Delhi,418078
2643,NS Matrix Services,Data Analyst,4,New Delhi,343758
2644,NITS,Data Analyst,4,New Delhi,532302
2645,Namekart,Data Analyst,4,New Delhi,180000
2646,RCM Aeroservices,Data Analyst,4,New Delhi,250644
2647,Actiknow,Data Analyst,4,New Delhi,363669
2648,XYZ,Data Analyst,3,New Delhi,577190
2649,GALYTIX,Data Analyst,3,New Delhi,369852
2650,Unified Healthcare Group,Data Analyst,3,New Delhi,508188
2651,iEnergizer,Data Analyst,3,New Delhi,332016
2652,WSP,Data Analyst,3,New Delhi,786181
2653,Delhivery,Data Analyst,3,New Delhi,156000
2654,MapmyIndia,Data Analyst,3,New Delhi,326397
2655,Limeroad,Data Analyst,3,New Delhi,602739
2656,IQVIA,Data Analyst,3,New Delhi,582124
2657,TCS,Data Analyst,3,New Delhi,201468
2658,Wizikey,Data Analyst,3,New Delhi,407238
2659,Cvent,Data Analyst,3,New Delhi,760403
2660,Keysight Technologies,Data Analyst,3,New Delhi,705134
2661,ITC Infotech,Data Analyst,3,New Delhi,967392
2662,Nurtr,Data Analyst,3,New Delhi,338792
2663,Glorious Insights,Data Analyst,3,New Delhi,742788
2664,CRMnext,Data Analyst,3,New Delhi,752418
2665,McKinsey Knowledge Center,Data Analyst,3,New Delhi,367896
2666,Masthead Technologies,Data Analyst,3,New Delhi,128988
2667,Yatra Online Pvt Ltd,Data Analyst,3,New Delhi,564648
2668,Bain & Company,Data Analyst,3,New Delhi,991280
2669,NatWest Group,Data Analyst,3,New Delhi,369128
2670,Stigasoft,Data Analyst,3,New Delhi,257972
2671,Stanza Living,Data Analyst,3,New Delhi,900000
2672,Elucidata (MA),Data Analyst,3,New Delhi,1087991
2673,HCL,Data Analyst,3,New Delhi,305881
2674,Eko India Financial Services,Data Analyst,3,New Delhi,878372
2675,Edulyt India,Data Analyst,3,New Delhi,342084
2676,Moody's Analytics,Data Analyst,3,New Delhi,335520
2677,Vidooly Media Tech,Data Analyst,3,New Delhi,432100
2678,SupplyCopia,Data Analyst,3,New Delhi,275453
2679,United Airlines,Data Analyst,3,New Delhi,880573
2680,Elsevier,Data Analyst,3,New Delhi,380000
2681,Gauge Data Solutions,Data Analyst,3,New Delhi,1640740
2682,Nones,Data Analyst,3,New Delhi,605385
2683,Peacock Solar,Data Analyst,3,New Delhi,64488
2684,Anonymous Content,Data Analyst,3,New Delhi,675000
2685,Ford Motor Company,Data Analyst,3,New Delhi,1200000
2686,Professional,Data Analyst,3,New Delhi,308220
2687,NextGen Invent,Data Analyst,3,New Delhi,486624
2688,OYO,Data Analyst,3,New Delhi,406548
2689,Verificient Technologies,Data Analyst,3,New Delhi,150180
2690,Samsung Electronics,Data Analyst,3,New Delhi,1041195
2691,Quess,Data Analyst,3,New Delhi,299998
2692,Upwork,Data Analyst,3,New Delhi,338796
2693,SunTec Web Services,Data Analyst,3,New Delhi,248844
2694,Moody's Corporation,Data Analyst,3,New Delhi,544512
2695,SIQES,Data Analyst,3,New Delhi,406845
2696,Honeywell,Data Analyst,3,New Delhi,811344
2697,First Student,Data Analyst,3,New Delhi,414384
2698,Risk Management Solutions,Data Analyst,3,New Delhi,559952
2699,First Student,Data Analyst,3,New Delhi,85440
2700,iTech Mission,Data Analyst,3,New Delhi,406548
2701,Microsoft,Data Analyst,2,New Delhi,744945
2702,Adobe,Data Analyst,2,New Delhi,784769
2703,McKinney and Company,Data Analyst,2,New Delhi,1239375
2704,Freelancer,Data Analyst,2,New Delhi,685284
2705,Snapdeal,Data Analyst,2,New Delhi,305004
2706,ATS Services (India),Data Analyst,2,New Delhi,412440
2707,Optum Global Solutions India,Data Analyst,2,New Delhi,982920
2708,Adda 247,Data Analyst,2,New Delhi,127836
2709,Google,Data Analyst,2,New Delhi,619354
2710,ShipRocket,Data Analyst,2,New Delhi,324420
2711,Grail Insights,Data Analyst,2,New Delhi,705817
2712,Wunderman Thompson,Data Analyst,2,New Delhi,551148
2713,Mastercard,Data Analyst,2,New Delhi,1471807
2714,SupplyCopia,Data Analyst,2,New Delhi,193476
2715,Niscom Tele Infra,Data Analyst,2,New Delhi,282369
2716,Annalect,Data Analyst,2,New Delhi,563136
2717,GroupM,Data Analyst,2,New Delhi,267288
2718,StepOut Solutions,Data Analyst,2,New Delhi,715248
2719,Zomato,Data Analyst,2,New Delhi,833940
2720,Tata Consultancy Services,Data Analyst,2,New Delhi,407484
2721,Polaris FT,Data Analyst,2,New Delhi,314698
2722,Research & Ranking,Data Analyst,2,New Delhi,220020
2723,Microtek International (India),Data Analyst,2,New Delhi,249732
2724,Unyscape Infocom,Data Analyst,2,New Delhi,370152
2725,Cians Analytics,Data Analyst,2,New Delhi,591053
2726,AON,Data Analyst,2,New Delhi,2385732
2727,United Airlines,Data Analyst,2,New Delhi,313896
2728,Xceedance,Data Analyst,2,New Delhi,333660
2729,CBRE,Data Analyst,2,New Delhi,601343
2730,Promien Services,Data Analyst,2,New Delhi,397332
2731,Kantar,Data Analyst,2,New Delhi,419449
2732,FN MathLogic Consulting Services,Data Analyst,2,New Delhi,668202
2733,Maruti Suzuki,Data Analyst,2,New Delhi,982427
2734,Loginworks,Data Analyst,2,New Delhi,253056
2735,Acuity Knowledge Partners,Data Analyst,2,New Delhi,508899
2736,PwC,Data Analyst,2,New Delhi,701723
2737,Score Me,Data Analyst,2,New Delhi,270444
2738,FIA Technology Services,Data Analyst,2,New Delhi,646107
2739,Zenatix,Data Analyst,2,New Delhi,649352
2740,Blackcoffer,Data Analyst,2,New Delhi,37008
2741,Info Edge,Data Analyst,2,New Delhi,608075
2742,HH Global,Data Analyst,2,New Delhi,704851
2743,NetProphets Cyberworks,Data Analyst,2,New Delhi,382929
2744,Cognizant Consulting,Data Analyst,2,New Delhi,383619
2745,Willis Towers Watson,Data Analyst,2,New Delhi,598284
2746,LIN SCAN,Data Analyst,2,New Delhi,585819
2747,Tata Consultancy Services,Data Analyst,36,Mumbai,479071
2748,eClerx,Data Analyst,26,Mumbai,226724
2749,Accenture,Data Analyst,23,Mumbai,446076
2750,Morningstar,Data Analyst,22,Mumbai,364638
2751,Cognizant Technology Solutions,Data Analyst,17,Mumbai,574259
2752,Capgemini,Data Analyst,15,Mumbai,509801
2753,Fresher,Data Analyst,11,Mumbai,401952
2754,HERE Technologies,Data Analyst,11,Mumbai,237907
2755,J.P. Morgan,Data Analyst,10,Mumbai,744516
2756,Ugam,Data Analyst,10,Mumbai,301786
2757,Cartesian Consulting,Data Analyst,10,Mumbai,530781
2758,Experian,Data Analyst,9,Mumbai,716327
2759,Cogencis Information Services,Data Analyst,9,Mumbai,147159
2760,Media.net,Data Analyst,9,Mumbai,528453
2761,Fractal,Data Analyst,8,Mumbai,728811
2762,MSCI,Data Analyst,8,Mumbai,787161
2763,Hansa Cequity,Data Analyst,8,Mumbai,483379
2764,vPhrase,Data Analyst,8,Mumbai,465742
2765,ABC,Data Analyst,7,Mumbai,496022
2766,Course5 Intelligence,Data Analyst,7,Mumbai,322465
2767,CRG Solutions,Data Analyst,7,Mumbai,521474
2768,Citi,Data Analyst,6,Mumbai,1322737
2769,Kantar,Data Analyst,6,Mumbai,412152
2770,Magic9 Media Analytics,Data Analyst,6,Mumbai,496241
2771,Travelex,Data Analyst,6,Mumbai,661760
2772,Propellum Infotech,Data Analyst,6,Mumbai,448170
2773,Deloitte,Data Analyst,5,Mumbai,744033
2774,TCS,Data Analyst,5,Mumbai,515940
2775,KPMG,Data Analyst,5,Mumbai,419651
2776,Development Credit Bank Limited,Data Analyst,5,Mumbai,524564
2777,Google,Data Analyst,5,Mumbai,254901
2778,Nailbiter,Data Analyst,5,Mumbai,320543
2779,First Student,Data Analyst,5,Mumbai,366885
2780,Jio,Data Analyst,5,Mumbai,682909
2781,GEP,Data Analyst,4,Mumbai,444728
2782,Decimal Point Analytics,Data Analyst,4,Mumbai,198444
2783,Cogencis Information Services,Data Analyst,4,Mumbai,139396
2784,Atos-Syntel,Data Analyst,4,Mumbai,317183
2785,ICICI Bank,Data Analyst,4,Mumbai,477492
2786,General Mills,Data Analyst,4,Mumbai,680000
2787,Hudl,Data Analyst,4,Mumbai,315708
2788,Axis Bank,Data Analyst,4,Mumbai,965889
2789,First Student,Data Analyst,4,Mumbai,307416
2790,DONE by NONE,Data Analyst,4,Mumbai,306180
2791,AXIS MY INDIA,Data Analyst,3,Mumbai,374059
2792,Piramal Enterprises,Data Analyst,3,Mumbai,1416324
2793,HDFC Bank,Data Analyst,3,Mumbai,828777
2794,Tata Communications,Data Analyst,3,Mumbai,374832
2795,Barclays,Data Analyst,3,Mumbai,1040054
2796,Quantafic Business Solutions,Data Analyst,3,Mumbai,516690
2797,EY,Data Analyst,3,Mumbai,454039
2798,IDFC First Bank,Data Analyst,3,Mumbai,1356593
2799,Prudential plc,Data Analyst,3,Mumbai,1226327
2800,FieldGlobal Market Research,Data Analyst,3,Mumbai,462120
2801,Anonymous Content,Data Analyst,3,Mumbai,520597
2802,LTI,Data Analyst,3,Mumbai,369531
2803,Larsen & Toubro,Data Analyst,3,Mumbai,752418
2804,TripStack,Data Analyst,3,Mumbai,453300
2805,LogisticsNow,Data Analyst,3,Mumbai,223812
2806,Quantiphi,Data Analyst,3,Mumbai,654767
2807,LogisticsNow,Data Analyst,3,Mumbai,513690
2808,Think Analytics,Data Analyst,3,Mumbai,429216
2809,cross-tab marketing services pvt.,Data Analyst,3,Mumbai,309192
2810,Microsoft,Data Analyst,2,Mumbai,875445
2811,FedEx,Data Analyst,2,Mumbai,448911
2812,WhiteHat Jr,Data Analyst,2,Mumbai,882573
2813,eSense Learning Pvt,Data Analyst,2,Mumbai,430649
2814,iAastha,Data Analyst,2,Mumbai,39336
2815,Bahar Infotech,Data Analyst,2,Mumbai,182268
2816,LTI,Data Analyst,2,Mumbai,263304
2817,Bookmyshow,Data Analyst,2,Mumbai,556567
2818,The Sparks Foundation,Data Analyst,2,Mumbai,304980
2819,SAP,Data Analyst,2,Mumbai,453024
2820,Viacom 18,Data Analyst,2,Mumbai,322944
2821,Fresher,Data Analyst,2,Mumbai,274728
2822,CRISIL,Data Analyst,2,Mumbai,180996
2823,Rein Labs,Data Analyst,2,Mumbai,173652
2824,Doxper,Data Analyst,2,Mumbai,581246
2825,CMC,Data Analyst,2,Mumbai,181488
2826,GreenPoint Global,Data Analyst,2,Mumbai,185388
2827,Experian,Data Analyst,2,Mumbai,232692
2828,iKen Solutions,Data Analyst,2,Mumbai,1061000
2829,Motilal Oswal Financial Services,Data Analyst,2,Mumbai,187488
2830,EMPLOYERS,Data Analyst,2,Mumbai,429071
2831,Hotstar,Data Analyst,2,Mumbai,1814306
2832,TWGE Solutions,Data Analyst,2,Mumbai,307368
2833,PwC,Data Analyst,2,Mumbai,634632
2834,InSync Analytics,Data Analyst,2,Mumbai,208032
2835,JustDial,Data Analyst,2,Mumbai,322104
2836,Angel One,Data Analyst,2,Mumbai,574764
2837,Mphasis,Data Analyst,2,Mumbai,386026
2838,72 Dragons,Data Analyst,2,Mumbai,276516
2839,Fresherworld.com,Data Analyst,2,Mumbai,217032
2840,Jeet Techno Solutions,Data Analyst,2,Mumbai,435348
2841,FedEx,Data Analyst,2,Mumbai,676224
2842,CitiusTech,Data Analyst,2,Mumbai,584620
2843,Mintifi,Data Analyst,2,Mumbai,203280
2844,TransUnion,Data Analyst,2,Mumbai,297816
2845,DXC Technology,Data Analyst,2,Mumbai,731418
2846,PharmEasy,Data Analyst,2,Mumbai,887544
2847,SMARTe,Data Analyst,2,Mumbai,271325
2848,RedQuanta,Data Analyst,2,Mumbai,502212
2849,Raam Group,Data Analyst,2,Mumbai,626664
2850,CloudFronts Technologies,Data Analyst,2,Mumbai,888936
2851,Piramal Enterprises,Data Analyst,2,Mumbai,1274412
2852,Amazon,Data Analyst,2,Mumbai,1002198
2853,Aditya Birla Group,Data Analyst,2,Mumbai,765180
2854,IIFL,Data Analyst,2,Mumbai,276376
2855,Brandscapes Worldwide,Data Analyst,2,Mumbai,245202
2856,Candere.com,Data Analyst,2,Mumbai,504107
2857,Virtusa,Data Analyst,2,Mumbai,255276
2858,OYO,Data Analyst,2,Mumbai,447676
2859,Nielsen,Data Analyst,2,Mumbai,609381
2860,peel-works,Data Analyst,2,Mumbai,451723
2861,QuantumLink,Data Analyst,2,Mumbai,340824
2862,Alpha Alternatives,Data Analyst,2,Mumbai,187404
2863,AIG,Data Analyst,2,Mumbai,1187386
2864,Pragmatix,Data Analyst,2,Mumbai,687251
2865,Vasta Global,Data Analyst,2,Mumbai,354960
2866,Acuris Global,Data Analyst,2,Mumbai,144720
2867,Quess,Data Analyst,2,Mumbai,440736
2868,Credit Suisse,Data Analyst,2,Mumbai,1270416
2869,Satori Group (India),Data Analyst,2,Mumbai,250644
2870,IBM,Data Analyst,2,Mumbai,998289
2871,Sapio Analytics,Data Analyst,2,Mumbai,96744
2872,First Student,Data Analyst,2,Mumbai,150660
2873,Bloomberg L.P.,Data Analyst,2,Mumbai,1668864
2874,Oceanic Pharmachem,Data Analyst,2,Mumbai,479956
2875,SMEcorner,Data Analyst,2,Mumbai,511779
2876,Reliance Industries,Data Analyst,2,Mumbai,424104
2877,FSN Ecommerce Ventures,Data Analyst,2,Mumbai,1242641
2943,IBM,Data Engineer,46,Bangalore,816692
2944,Tata Consultancy Services,Data Engineer,40,Bangalore,510646
2945,LTI,Data Engineer,32,Bangalore,437609
2946,Accenture,Data Engineer,31,Bangalore,654767
2947,DXC Technology,Data Engineer,22,Bangalore,626072
2948,Amazon,Data Engineer,20,Bangalore,1430729
2949,GE,Data Engineer,17,Bangalore,1129307
2950,Fractal,Data Engineer,16,Bangalore,1097825
2951,Quantiphi,Data Engineer,15,Bangalore,795550
2952,DataWeave,Data Engineer,15,Bangalore,733769
2953,Capgemini,Data Engineer,14,Bangalore,677369
2954,Infosys,Data Engineer,14,Bangalore,598946
2955,Target,Data Engineer,14,Bangalore,1198603
2956,Mindtree,Data Engineer,13,Bangalore,452198
2957,Shell,Data Engineer,12,Bangalore,1541682
2958,Hewlett Packard Enterprise | HPE,Data Engineer,11,Bangalore,568656
2959,Wipro,Data Engineer,11,Bangalore,529773
2960,MAERSK,Data Engineer,11,Bangalore,1074883
2961,GE Digital,Data Engineer,11,Bangalore,1274504
2962,Cisco Systems,Data Engineer,10,Bangalore,1437808
2963,BRIDGEi2i,Data Engineer,10,Bangalore,590352
2964,Enquero,Data Engineer,9,Bangalore,628945
2965,Cognizant Technology Solutions,Data Engineer,8,Bangalore,567458
2966,Cargill,Data Engineer,7,Bangalore,1300000
2967,Fragma Data Systems,Data Engineer,7,Bangalore,458749
2968,Lowe's Home Improvement,Data Engineer,7,Bangalore,1008975
2969,Altimetrik,Data Engineer,7,Bangalore,534757
2970,Affine,Data Engineer,7,Bangalore,677584
2971,FOKAL,Data Engineer,6,Bangalore,730063
2972,Lumen,Data Engineer,6,Bangalore,694460
2973,Visa Inc.,Data Engineer,6,Bangalore,1325345
2974,Blackbuck Insights,Data Engineer,6,Bangalore,604706
2975,Brillio,Data Engineer,6,Bangalore,514393
2976,phData,Data Engineer,6,Bangalore,791256
2977,Tech Mahindra,Data Engineer,6,Bangalore,544680
2978,Hewlett-Packard,Data Engineer,6,Bangalore,586830
2979,Capital One,Data Engineer,6,Bangalore,1648787
2980,Datagrokr,Data Engineer,5,Bangalore,610857
2981,Mu Sigma,Data Engineer,5,Bangalore,786846
2982,Honeywell,Data Engineer,5,Bangalore,854490
2983,Walmart Global Tech,Data Engineer,5,Bangalore,1513463
2984,Tavant,Data Engineer,5,Bangalore,610857
2985,Futurense Technologies,Data Engineer,5,Bangalore,660000
2986,The Data Team,Data Engineer,5,Bangalore,903446
2987,VMware,Data Engineer,5,Bangalore,2300000
2988,Neustar,Data Engineer,5,Bangalore,962755
2989,Mercedes-Benz Research and Development India,Data Engineer,4,Bangalore,1159497
2990,Société Générale,Data Engineer,4,Bangalore,860820
2991,ABC,Data Engineer,4,Bangalore,1068485
2992,Wipro Technologies,Data Engineer,4,Bangalore,416478
2993,Intuit,Data Engineer,4,Bangalore,2025552
2994,Walmart,Data Engineer,4,Bangalore,2011380
2995,ITTStar Consulting,Data Engineer,4,Bangalore,584254
2996,Fidelity Investments,Data Engineer,4,Bangalore,1006527
2997,Tribes.AI,Data Engineer,4,Bangalore,252996
2998,DONE by NONE,Data Engineer,4,Bangalore,308220
2999,Dell Technologies,Data Engineer,4,Bangalore,860699
3000,Embibe,Data Engineer,4,Bangalore,1225041
3001,Sigmoid,Data Engineer,4,Bangalore,1178751
3002,ANZ Bank,Data Engineer,3,Bangalore,1289859
3003,Quotient,Data Engineer,3,Bangalore,602930
3004,PwC,Data Engineer,3,Bangalore,750000
3005,Zeotap,Data Engineer,3,Bangalore,2166482
3006,Deloitte,Data Engineer,3,Bangalore,515940
3007,NTT DATA,Data Engineer,3,Bangalore,453157
3008,GE Aviation,Data Engineer,3,Bangalore,1031658
3009,TheMathCompany,Data Engineer,3,Bangalore,600000
3010,Danske IT and Support Services,Data Engineer,3,Bangalore,471709
3011,IBM,Data Engineer,3,Bangalore,1000000
3012,KPMG,Data Engineer,3,Bangalore,1170809
3013,Indegene,Data Engineer,3,Bangalore,865380
3014,Pluto7,Data Engineer,3,Bangalore,860576
3015,ExxonMobil,Data Engineer,3,Bangalore,1158850
3016,Autodesk,Data Engineer,3,Bangalore,1917053
3017,NatWest Group,Data Engineer,3,Bangalore,1863568
3018,Flipkart,Data Engineer,3,Bangalore,966230
3019,Tredence,Data Engineer,3,Bangalore,865117
3020,HP Inc.,Data Engineer,3,Bangalore,870216
3021,EC-Mobility,Data Engineer,3,Bangalore,398975
3022,ITC Infotech,Data Engineer,3,Bangalore,1130119
3023,Landmark Group,Data Engineer,3,Bangalore,1129307
3024,Tiger Analytics,Data Engineer,3,Bangalore,1208801
3025,Jio,Data Engineer,3,Bangalore,916251
3026,Accenture,Data Engineer,3,Bangalore,604404
3027,Inference Labs,Data Engineer,2,Bangalore,707877
3028,GlaxoSmithKline,Data Engineer,2,Bangalore,820984
3029,Nones,Data Engineer,2,Bangalore,628661
3030,Novotech,Data Engineer,2,Bangalore,1164732
3031,Legato Health Technologies,Data Engineer,2,Bangalore,721501
3032,SAP,Data Engineer,2,Bangalore,1764290
3033,NIKE,Data Engineer,2,Bangalore,1967502
3034,AffinityAnswers,Data Engineer,2,Bangalore,735014
3035,Ericsson IT Solutions & Services,Data Engineer,2,Bangalore,708216
3036,Wells Fargo,Data Engineer,2,Bangalore,2336080
3037,Luxoft,Data Engineer,2,Bangalore,1368953
3038,LendingKart,Data Engineer,2,Bangalore,973293
3039,Oracle,Data Engineer,2,Bangalore,1163867
3040,Quaero,Data Engineer,2,Bangalore,541849
3041,Aptus Data Labs,Data Engineer,2,Bangalore,625837
3042,Virtusa,Data Engineer,2,Bangalore,674480
3043,Baker Hughes,Data Engineer,2,Bangalore,1303425
3044,nference,Data Engineer,2,Bangalore,890822
3045,Brillo Technologies,Data Engineer,2,Bangalore,733602
3046,Anonymous Content,Data Engineer,2,Bangalore,1538205
3047,GE Healthcare,Data Engineer,2,Bangalore,549960
3048,Ecolab Digital Center,Data Engineer,2,Bangalore,512250
3049,Goibibo,Data Engineer,2,Bangalore,2490492
3050,Data Semantics,Data Engineer,2,Bangalore,624665
3051,DataWeave,Data Engineer,2,Bangalore,292920
3052,HashedIn by Deloitte,Data Engineer,2,Bangalore,1025000
3053,Commonwealth Bank of Australia,Data Engineer,2,Bangalore,2250000
3054,Razorthink,Data Engineer,2,Bangalore,974234
3055,Servian,Data Engineer,2,Bangalore,954869
3056,Siemens Healthineers,Data Engineer,2,Bangalore,1621262
3057,Senvion,Data Engineer,2,Bangalore,938141
3058,Quantiphi,Data Engineer,2,Bangalore,487320
3059,MAERSK,Data Engineer,2,Bangalore,481764
3060,Searce,Data Engineer,2,Bangalore,893330
3061,Happiest Minds Technologies,Data Engineer,2,Bangalore,1276978
3062,Nineleaps Technology Solutions,Data Engineer,2,Bangalore,666571
3063,Zylotech,Data Engineer,2,Bangalore,735792
3064,EY,Data Engineer,2,Bangalore,609565
3065,Koch Industries,Data Engineer,2,Bangalore,1310580
3066,Kmart,Data Engineer,2,Bangalore,1058039
3067,Moody's Analytics,Data Engineer,2,Bangalore,1147975
3068,Rakuten,Data Engineer,2,Bangalore,852482
3069,Wissen Infotech,Data Engineer,2,Bangalore,340078
3070,Fabulyst,Data Engineer,2,Bangalore,112931
3071,Publicis Sapient,Data Engineer,2,Bangalore,1654767
3072,Cimpress,Data Engineer,2,Bangalore,1532784
3073,Nabler Web Solutions,Data Engineer,2,Bangalore,620504
3074,KreditBee,Data Engineer,2,Bangalore,1162739
3075,BT,Data Engineer,2,Bangalore,1234705
3076,EXL Service,Data Engineer,2,Bangalore,507137
3077,Gojek,Data Engineer,2,Bangalore,1974888
3078,ConcertAI,Data Engineer,2,Bangalore,2647046
3079,Google,Data Engineer,2,Bangalore,1044365
3080,CrowdANALYTIX,Data Engineer,2,Bangalore,488856
3081,Sigmoid,Data Engineer,2,Bangalore,676476
3082,Optum,Data Engineer,2,Bangalore,1279052
3142,IBM,Data Engineer,21,Pune,719166
3143,Tata Consultancy Services,Data Engineer,21,Pune,439213
3144,LTI,Data Engineer,16,Pune,522539
3145,Accenture,Data Engineer,11,Pune,683642
3146,Datametica,Data Engineer,9,Pune,524121
3147,Teradata,Data Engineer,7,Pune,1507325
3148,Innoplexus,Data Engineer,6,Pune,1013717
3149,Infosys,Data Engineer,6,Pune,446476
3150,Schlumberger,Data Engineer,6,Pune,672465
3151,Bajaj Finance,Data Engineer,5,Pune,624033
3152,Cognizant Technology Solutions,Data Engineer,5,Pune,511122
3153,MAERSK,Data Engineer,4,Pune,800848
3154,Wipro Technologies,Data Engineer,4,Pune,476563
3155,Bajaj Finserv Health,Data Engineer,4,Pune,420000
3156,Cubictree Technology Solutions,Data Engineer,3,Pune,322465
3157,Clairvoyant,Data Engineer,3,Pune,563196
3158,Wipro,Data Engineer,3,Pune,471463
3159,Infostretch,Data Engineer,3,Pune,429953
3160,Barclays,Data Engineer,3,Pune,1145314
3161,Bitwise,Data Engineer,3,Pune,490577
3162,Capgemini,Data Engineer,3,Pune,1289572
3163,Amdocs,Data Engineer,3,Pune,500000
3164,SG Analytics,Data Engineer,3,Pune,788964
3165,Saama Technologies,Data Engineer,3,Pune,656134
3166,ThinkBumblebee Analytics,Data Engineer,2,Pune,1556162
3167,Xoriant,Data Engineer,2,Pune,1328444
3168,Turtlemint,Data Engineer,2,Pune,1277470
3169,vCreaTek,Data Engineer,2,Pune,510826
3170,Mastercard,Data Engineer,2,Pune,924300
3171,IBM,Data Engineer,2,Pune,589439
3172,Birlasoft,Data Engineer,2,Pune,2002418
3173,Softech Solutions (India),Data Engineer,2,Pune,477369
3174,T-Systems,Data Engineer,2,Pune,1572029
3175,Neal Analytics,Data Engineer,2,Pune,685014
3176,Globant,Data Engineer,2,Pune,3556740
3177,Atos-Syntel,Data Engineer,2,Pune,438469
3178,Hashmap,Data Engineer,2,Pune,1682089
3179,Red Hat,Data Engineer,2,Pune,996481
3180,Atlas Copco,Data Engineer,2,Pune,873885
3181,Mastercard,Data Engineer,2,Pune,1499338
3182,Bitwise Solutions (India),Data Engineer,2,Pune,480814
3183,Michelin,Data Engineer,2,Pune,880608
3292,LTI Senior,Data Engineer,16,Pune,796277
3293,Exadatum Big,Data Engineer,15,Pune,797112
3294,Datametica Big,Data Engineer,8,Pune,532946
3295,Tata Consultancy Services Big,Data Engineer,6,Pune,614349
3296,Amazon,Data Engineer,31,Hyderabad,1296048
3297,Tata Consultancy Services,Data Engineer,27,Hyderabad,515944
3298,Infosys,Data Engineer,13,Hyderabad,565059
3299,Accenture,Data Engineer,11,Hyderabad,706283
3300,SpringML,Data Engineer,10,Hyderabad,838568
3301,IBM,Data Engineer,8,Hyderabad,504488
3302,Cognizant Technology Solutions,Data Engineer,8,Hyderabad,613915
3303,Amazon,Data Engineer,7,Hyderabad,298416
3304,DBS Bank,Data Engineer,7,Hyderabad,1161382
3305,Legato Health Technologies,Data Engineer,6,Hyderabad,904145
3306,Enquero,Data Engineer,5,Hyderabad,1249434
3307,Capgemini,Data Engineer,5,Hyderabad,900000
3308,UnitedHealth Group,Data Engineer,4,Hyderabad,1083545
3309,GGK Tech,Data Engineer,4,Hyderabad,903446
3310,GATHI ANALYTICS,Data Engineer,3,Hyderabad,954842
3311,LTI,Data Engineer,3,Hyderabad,500000
3312,Novartis,Data Engineer,3,Hyderabad,716215
3313,Wipro Technologies,Data Engineer,3,Hyderabad,847539
3314,Dun & Bradstreet,Data Engineer,3,Hyderabad,1108068
3315,Virtusa,Data Engineer,3,Hyderabad,1208801
3316,Deloitte,Data Engineer,3,Hyderabad,699220
3317,Innominds Software,Data Engineer,3,Hyderabad,1221714
3318,RoundSqr,Data Engineer,3,Hyderabad,618995
3319,ADP,Data Engineer,3,Hyderabad,1067026
3320,Fanatics,Data Engineer,3,Hyderabad,1917053
3321,Optum,Data Engineer,3,Hyderabad,880575
3322,SureIT Solutions,Data Engineer,2,Hyderabad,1017343
3323,Micron Technology,Data Engineer,2,Hyderabad,1124024
3324,Nisum,Data Engineer,2,Hyderabad,1642294
3325,ACS Solutions,Data Engineer,2,Hyderabad,1156731
3326,Nones,Data Engineer,2,Hyderabad,862368
3327,Infor,Data Engineer,2,Hyderabad,844116
3328,Wipro,Data Engineer,2,Hyderabad,1346904
3329,J.P. Morgan,Data Engineer,2,Hyderabad,1084680
3330,S&P Global,Data Engineer,2,Hyderabad,1139800
3331,HSBC Software Development India,Data Engineer,2,Hyderabad,794110
3332,TTEC,Data Engineer,2,Hyderabad,1251502
3333,MarketLinc,Data Engineer,2,Hyderabad,2658491
3334,Genpact,Data Engineer,2,Hyderabad,416229
3335,Mindtree,Data Engineer,2,Hyderabad,353684
3336,Attra,Data Engineer,2,Hyderabad,739714
3337,Optum Global Solutions,Data Engineer,2,Hyderabad,791133
3338,HCL Technologies,Data Engineer,2,Hyderabad,95593
3339,Tech Mahindra,Data Engineer,2,Hyderabad,1115124
3340,MAQ Software,Data Engineer,2,Hyderabad,342948
3341,Predera,Data Engineer,2,Hyderabad,413740
3342,HealthPointe Solutions,Data Engineer,2,Hyderabad,872461
3458,Tata Consultancy Services,Data Engineer,22,New Delhi,649541
3459,IBM,Data Engineer,10,New Delhi,601475
3460,dunnhumby,Data Engineer,8,New Delhi,1320578
3461,Amazon,Data Engineer,7,New Delhi,1115191
3462,LTI,Data Engineer,7,New Delhi,502442
3463,Paytm,Data Engineer,7,New Delhi,1196790
3464,Genpact,Data Engineer,5,New Delhi,381786
3465,NCR,Data Engineer,5,New Delhi,625768
3466,Decision Point,Data Engineer,4,New Delhi,430538
3467,Coforge,Data Engineer,4,New Delhi,1555930
3468,Lumiq (India),Data Engineer,4,New Delhi,501180
3469,Fractal,Data Engineer,4,New Delhi,1165059
3470,NatWest Group,Data Engineer,4,New Delhi,3141490
3471,Ameriprise,Data Engineer,4,New Delhi,813912
3472,Intelegencia,Data Engineer,3,New Delhi,870393
3473,MakeMyTrip,Data Engineer,3,New Delhi,1204567
3474,Capgemini,Data Engineer,3,New Delhi,1200000
3475,Innovaccer,Data Engineer,3,New Delhi,447475
3476,nThrive,Data Engineer,3,New Delhi,837753
3477,OYO,Data Engineer,3,New Delhi,1100000
3478,Nokia,Data Engineer,3,New Delhi,1000000
3479,Elucidata (MA),Data Engineer,3,New Delhi,690356
3480,Mastercard,Data Engineer,3,New Delhi,1648788
3481,EXL Service,Data Engineer,3,New Delhi,644930
3482,Optum,Data Engineer,3,New Delhi,1108068
3483,Nagarro,Data Engineer,2,New Delhi,526709
3484,UnitedHealth Group,Data Engineer,2,New Delhi,947195
3485,ZS Associates,Data Engineer,2,New Delhi,883697
3486,Skuad,Data Engineer,2,New Delhi,585269
3487,ABC,Data Engineer,2,New Delhi,692532
3488,Webhelp,Data Engineer,2,New Delhi,916326
3489,Atlan,Data Engineer,2,New Delhi,1331269
3490,Lumen,Data Engineer,2,New Delhi,699469
3491,Zomato,Data Engineer,2,New Delhi,3162981
3492,Optum Global Solutions,Data Engineer,2,New Delhi,986536
3493,Octro,Data Engineer,2,New Delhi,856020
3494,MapmyIndia,Data Engineer,2,New Delhi,270780
3495,Fidelity Investments,Data Engineer,2,New Delhi,1062087
3496,IHS Markit,Data Engineer,2,New Delhi,917271
3497,Evalueserve,Data Engineer,2,New Delhi,838524
3498,Tokopedia,Data Engineer,2,New Delhi,1364409
3499,Freelancer,Data Engineer,2,New Delhi,1271011
3500,Axtria,Data Engineer,2,New Delhi,470004
3501,TO THE NEW,Data Engineer,2,New Delhi,641374
3502,Q3 Technologies,Data Engineer,2,New Delhi,759321
3503,Urban Company,Data Engineer,2,New Delhi,1589903
3504,Maven Wave Partners,Data Engineer,2,New Delhi,1377267
3505,HCL Technologies,Data Engineer,2,New Delhi,358214
3506,Accenture,Data Engineer,2,New Delhi,972097
3507,Tech Mahindra,Data Engineer,2,New Delhi,540800
3508,Cognizant Technology Solutions,Data Engineer,2,New Delhi,909909
3509,Google,Data Engineer,2,New Delhi,736515
3620,Coforge Senior,Data Engineer,17,New Delhi,1476259
3621,Quantiphi,Data Engineer,40,Mumbai,730063
3622,LTI,Data Engineer,33,Mumbai,500000
3623,Tata Consultancy Services,Data Engineer,19,Mumbai,500000
3624,Jio,Data Engineer,9,Mumbai,530128
3625,Fractal,Data Engineer,7,Mumbai,1100000
3626,Accenture,Data Engineer,7,Mumbai,630000
3627,Mactores,Data Engineer,5,Mumbai,542342
3628,Capgemini,Data Engineer,5,Mumbai,695747
3629,Deloitte,Data Engineer,4,Mumbai,744034
3630,IBM,Data Engineer,3,Mumbai,1018095
3631,Exponentia DataLabs,Data Engineer,3,Mumbai,621583
3632,Reliance Industries,Data Engineer,3,Mumbai,644930
3633,Morgan Stanley,Data Engineer,2,Mumbai,909682
3634,Bank of America,Data Engineer,2,Mumbai,928488
3635,TCS,Data Engineer,2,Mumbai,459892
3636,PwC,Data Engineer,2,Mumbai,1077564
3637,GEP,Data Engineer,2,Mumbai,1321470
3638,Lumiq (India),Data Engineer,2,Mumbai,795858
3639,IFI Techsolutions,Data Engineer,2,Mumbai,353152
3640,Fresher,Data Engineer,2,Mumbai,362640
3641,Quantiphi,Data Engineer,2,Mumbai,613152
3642,Testbook.com,Data Engineer,2,Mumbai,612517
3743,Quantiphi Senior,Data Engineer,15,Mumbai,1080000
3744,LTI Senior,Data Engineer,12,Mumbai,886686
3745,Fractal Senior,Data Engineer,7,Mumbai,2051223
3746,Fractal Big,Data Engineer,7,Mumbai,865380
3747,Tata Consultancy Services Big,Data Engineer,5,Mumbai,550000
3748,Quantiphi,Machine Learning Engineer,28,Bangalore,875066
3749,Tata Consultancy Services,Machine Learning Engineer,9,Bangalore,490531
3750,Accenture,Machine Learning Engineer,5,Bangalore,748712
3751,Amazon,Machine Learning Engineer,4,Bangalore,1525549
3752,Intel Corporation,Machine Learning Engineer,4,Bangalore,625152
3753,First Student,Machine Learning Engineer,3,Bangalore,369852
3754,Google,Machine Learning Engineer,3,Bangalore,1244206
3755,Ignitarium Technology Solutions,Machine Learning Engineer,3,Bangalore,730063
3756,Infosys,Machine Learning Engineer,2,Bangalore,832266
3757,Wipro,Machine Learning Engineer,2,Bangalore,783333
3758,HCL Technologies,Machine Learning Engineer,2,Bangalore,1193616
3759,Deloitte,Machine Learning Engineer,2,Bangalore,1088590
3760,Oracle,Machine Learning Engineer,2,Bangalore,931048
3761,Fresher,Machine Learning Engineer,2,Bangalore,363036
3762,Microsoft,Machine Learning Engineer,2,Bangalore,2340910
3763,Wipro Technologies,Machine Learning Engineer,2,Bangalore,575209
3764,Mercedes-Benz Research and Development India,Machine Learning Engineer,2,Bangalore,1521127
3765,Continental,Machine Learning Engineer,2,Bangalore,589116
3766,Subex,Machine Learning Engineer,2,Bangalore,927200
3767,Text Mercato,Machine Learning Engineer,2,Bangalore,338722
3768,HyperVerge,Machine Learning Engineer,2,Bangalore,1168458
3769,Quale Infotech,Machine Learning Engineer,2,Bangalore,665000
3770,BlueOptima,Machine Learning Engineer,2,Bangalore,1180965
3771,Sixth Energy Technologies,Machine Learning Engineer,2,Bangalore,310014
3772,Qualitas Technologies,Machine Learning Engineer,2,Bangalore,562103
3773,Graphene (Singapore),Machine Learning Engineer,2,Bangalore,991010
3774,NewSpace Research and Technologies,Machine Learning Engineer,2,Bangalore,1000000
3775,Uncanny Vision,Machine Learning Engineer,2,Bangalore,984047
3776,Openstream,Machine Learning Engineer,2,Bangalore,551847
3777,Avaamo,Machine Learning Engineer,2,Bangalore,2452646
3778,Lucida Technologies,Machine Learning Engineer,2,Bangalore,636937
3779,The Alacer Group,Machine Learning Engineer,2,Bangalore,1515264
3780,IceCream Labs,Machine Learning Engineer,2,Bangalore,1027889
3781,Digital Aristotle,Machine Learning Engineer,2,Bangalore,1012824
3782,Chefling,Machine Learning Engineer,2,Bangalore,1608545
3783,Tardid,Machine Learning Engineer,2,Bangalore,562282
3784,Pixuate,Machine Learning Engineer,2,Bangalore,709492
3785,Qwickbit Technologies,Machine Learning Engineer,2,Bangalore,338792
3786,Vectra AI,Machine Learning Engineer,2,Bangalore,1008975
3948,Tata Consultancy Services,Machine Learning Engineer,7,Pune,440139
3949,Atos-Syntel,Machine Learning Engineer,3,Pune,356402
3950,Infosys,Machine Learning Engineer,2,Pune,495280
3951,First Student,Machine Learning Engineer,2,Pune,516000
3952,Barclays,Machine Learning Engineer,2,Pune,2050654
3953,Aera Technology,Machine Learning Engineer,2,Pune,1444930
3954,Climate Connect,Machine Learning Engineer,2,Pune,377136
4031,Tata Consultancy Services,Machine Learning Engineer,7,Hyderabad,732477
4032,FactSet,Machine Learning Engineer,7,Hyderabad,1746411
4033,Phenom,Machine Learning Engineer,5,Hyderabad,1693961
4034,Accenture,Machine Learning Engineer,3,Hyderabad,1154890
4035,Amazon,Machine Learning Engineer,3,Hyderabad,419297
4036,Qualcomm,Machine Learning Engineer,3,Hyderabad,1362714
4037,AppliedAICourse,Machine Learning Engineer,3,Hyderabad,569784
4038,DeepEdge,Machine Learning Engineer,3,Hyderabad,880000
4039,Amazon,Machine Learning Engineer,2,Hyderabad,6518917.42
4040,DONE by NONE,Machine Learning Engineer,2,Hyderabad,820164
4041,Aviso,Machine Learning Engineer,2,Hyderabad,1210860
4042,CreditVidya,Machine Learning Engineer,2,Hyderabad,1581030
4043,CognitiveScale,Machine Learning Engineer,2,Hyderabad,1913450
4044,Quixy,Machine Learning Engineer,2,Hyderabad,921650
4045,Avantari Technologies,Machine Learning Engineer,2,Hyderabad,587852
4046,Vrinda Techapps,Machine Learning Engineer,2,Hyderabad,204841
4115,Amazon,Machine Learning Data Associate,38,Hyderabad,275841
4116,Amazon,Machine Learning Data Associate I,9,Hyderabad,258596
4117,Amazon,Machine Learning Associate,6,Hyderabad,295114
4118,Amazon,Machine Learning Data Associate II,5,Hyderabad,383213
4119,Amazon,Machine Learning Engineer,4,Hyderabad,297469
4120,Techolution,Associate Machine Learning Engineer,3,Hyderabad,464372
4121,Amazon,Machine Learning Data Analyst,3,Hyderabad,361378
4146,Monsoon (India),Machine Learning Engineer,3,New Delhi,756978
4147,Tata Consultancy Services,Machine Learning Engineer,2,New Delhi,396478
4148,Adobe,Machine Learning Engineer,2,New Delhi,308532
4149,Samsung R&D Institute India - Noida,Machine Learning Engineer,2,New Delhi,1640000
4150,R Systems,Machine Learning Engineer,2,New Delhi,386952
4151,wayForward,Machine Learning Engineer,2,New Delhi,845183
4152,Navia Life Care,Machine Learning Engineer,2,New Delhi,489444
4153,NewSpace Research and Technologies,Machine Learning Engineer,2,New Delhi,313380
4154,RMgX,Machine Learning Engineer,2,New Delhi,550316
4155,Mesh (CA),Machine Learning Engineer,2,New Delhi,1210452
4156,Kwantics,Machine Learning Engineer,2,New Delhi,664388
4234,Genpact,Machine Learning Engineer,2,New Delhi,208344
4235,Pitney Bowes,Machine Learning Engineer,2,New Delhi,324924
4236,Internity Foundation,Machine Learning Engineer,2,New Delhi,102840
4245,Quantiphi,Machine Learning Engineer,81,Mumbai,839303
4246,Tata Consultancy Services,Machine Learning Engineer,6,Mumbai,824909
4247,Aureus Analytics,Machine Learning Engineer,4,Mumbai,1028702
4248,Quantiphi,Machine Learning Engineer,3,Mumbai,257976
4249,Nones,Machine Learning Engineer,2,Mumbai,622422
4250,Fynd,Machine Learning Engineer,2,Mumbai,1012128
4251,Cere Labs,Machine Learning Engineer,2,Mumbai,302507
4252,Biosense Technologies,Machine Learning Engineer,2,Mumbai,321504
4312,Quantiphi,Senior Machine Learning Engineer,13,Mumbai,1130000
4313,Haptik,Senior Machine Learning Engineer,3,Mumbai,229416
4314,iSchoolConnect,Senior Machine Learning Engineer,2,Mumbai,1335445